,S&P,,Moody's,,Fitch,,TE
Albania ,B+ ,Stable,B1 ,Stable,,,35
Andorra ,BBB- ,Stable,,,BBB ,Stable,65
Angola ,B ,Negative,B1 ,Negative,B+ ,Negative,41
Argentina ,B- ,Stable,B3 ,Stable,B ,Stable,15
Armenia ,,,B1 ,Stable,B+ ,Stable,43
Aruba ,BBB+ ,Positive,,,BBB- ,Stable,63
Australia ,AAA ,Negative,Aaa ,Stable,AAA ,Stable,97
Austria ,AA+ ,Stable,Aa1 ,Negative,AA+ ,Stable,96
Azerbaijan ,BB+ ,Negative,Ba1 ,Negative,BB+ ,Negative,55
Bahamas ,BBB- ,Negative,Baa2 ,Negative Watch,,,65
Bahrain ,BB ,Stable,Ba2 ,Negative,BB+ ,Stable,60
Bangladesh ,BB- ,Stable,Ba3 ,Stable,BB- ,Stable,40
Barbados ,B ,Negative,Caa1 ,Stable,,,53
Belarus ,B- ,Stable,Caa1 ,Stable,B- ,Stable,25
Belgium ,AA ,Stable,Aa3 ,Stable,AA ,Negative,88
Belize ,B- ,Stable,Caa2 ,Stable,,,25
Benin ,N/A ,N/A,,,N/A ,N/A,30
Bermuda ,A+ ,Stable,A2 ,Stable,N/A ,N/A,91
Bolivia ,BB ,Stable,Ba3 ,Negative,BB- ,Stable,38
Bosnia and Herzegovina ,B ,Stable,B3 ,Stable,,,28
Botswana ,A- ,Negative,A2 ,Stable,,,73
Brazil ,BB ,Negative,Ba2 ,Negative,BB ,Negative,34
Bulgaria ,BB+ ,Stable,Baa2 ,Stable,BBB- ,Stable,53
Burkina Faso ,B- ,Positive,,,,,30
Cambodia ,N/A ,N/A,B2 ,Stable,,,30
Cameroon ,B ,Stable,B2 ,Stable,B ,Stable,30
Canada ,AAA ,Stable,Aaa ,Stable,AAA ,Stable,99
Cape Verde ,B ,Negative,,,B ,Stable,35
Cayman Islands ,,,Aa3 ,Stable,,,85
Chile ,AA- ,Stable,Aa3 ,Stable,A+ ,Stable,78
China ,AA- ,Negative,Aa3 ,Negative,A+ ,Stable,80
Colombia ,BBB ,Negative,Baa2 ,Stable,BBB ,Stable,52
Congo ,B- ,Negative,B3 ,Stable,,,25
Costa Rica ,BB- ,Negative,Ba1 ,Negative,BB+ ,Negative,50
Croatia ,BB ,Negative,Ba2 ,Negative,BB ,Negative,45
Cuba ,,,Caa2 ,Positive,,,20
Cyprus ,BB- ,Positive,B1 ,Stable,B+ ,Positive,36
Czech Republic ,AA- ,Stable,A1 ,Stable,A+ ,Stable,81
Denmark ,AAA ,Stable,Aaa ,Stable,AAA ,Stable,100
Dominican Republic ,BB- ,Stable,B1 ,Positive,B+ ,Positive,36
Ecuador ,B ,Stable,B3 ,Stable,B ,Stable,29
Egypt ,B- ,Negative,B3 ,Stable,B ,Stable,28
El Salvador ,B+ ,Stable,B1 ,Negative Watch,B+ ,Stable,41
Estonia ,AA- ,Stable,A1 ,Stable,A+ ,Stable,81
Ethiopia ,B ,Stable,B1 ,Stable,B ,Stable,31
European Union ,AA ,Stable,,,,,99
Fiji ,B+ ,Stable,B1 ,Positive,,,33
Finland ,AA+ ,Negative,Aa1 ,Stable,AA+ ,Stable,96
France ,AA ,Negative,Aa2 ,Stable,AA ,Stable,90
Gabon ,B ,Stable,B1 ,Negative,B+ ,Negative,40
Georgia ,BB- ,Stable,Ba3 ,Stable,BB- ,Stable,38
Germany ,AAA ,Stable,Aaa ,Stable,AAA ,Stable,100
Ghana ,B- ,Stable,B3 ,Negative,B ,Negative,31
Greece ,B- ,Stable,Caa3 ,Stable,CCC ,N/A,10
Grenada ,SD ,Negative,,,,,
Guatemala ,BB ,Stable,Ba1 ,Stable,BB ,Stable,49
Honduras ,B+ ,Positive,B2 ,Positive,,,33
Hong Kong ,AAA ,Negative,Aa1 ,Negative,AA+ ,Stable,95
Hungary ,BB+ ,Stable,Ba1 ,Positive,BBB- ,Stable,47
Iceland ,BBB+ ,Stable,Baa2 ,Positive Watch,BBB+ ,Stable,55
India ,BBB- ,Stable,Baa3 ,Positive,BBB- ,Stable,48
Indonesia ,BB+ ,Positive,Baa3 ,Stable,BBB- ,Stable,46
Iraq ,B- ,Stable,,,B- ,Negative,25
Ireland ,A+ ,Stable,A3 ,Positive,A ,Stable,70
Isle of Man ,N/A ,N/A,Aa1 ,Negative,,,98
Israel ,A+ ,Stable,A1 ,Stable,A ,Positive,76
Italy ,BBB- ,Stable,Baa2 ,Stable,BBB+ ,Stable,60
Ivory Coast ,,,Ba3 ,Stable,B+ ,Stable,38
Jamaica ,B ,Stable,Caa2 ,Positive,B ,Stable,24
Japan ,A+ ,Stable,A1 ,Stable,A ,Negative,78
Jordan ,BB- ,Negative,B1 ,Stable,,,45
Kazakhstan ,BBB- ,Negative,Baa3 ,Negative,BBB ,Stable,61
Kenya ,B+ ,Negative,B1 ,Stable,B+ ,Negative,20
Kuwait ,AA ,Stable,Aa2 ,Negative,AA ,Stable,90
Kyrgyzstan ,B ,Stable,B2 ,Stable,,,30
Latvia ,A- ,Stable,A3 ,Stable,A- ,Stable,69
Lebanon ,B- ,Negative,B2 ,Negative,B- ,Stable,31
Lesotho ,,,,,B+ ,Stable,40
Liechtenstein ,AAA ,Stable,,,,,100
Lithuania ,A- ,Stable,A3 ,Stable,A- ,Stable,69
Luxembourg ,AAA ,Stable,Aaa ,Stable,AAA ,Stable,100
Macau ,,,Aa3 ,Negative,AA- ,Stable,88
Macedonia ,BB- ,Stable,,,BB+ ,Negative,48
Malaysia ,A- ,Stable,A3 ,Stable,A- ,Stable,66
Malta ,BBB+ ,Positive,A3 ,Stable,A ,Stable,74
Mauritius ,,,Baa1 ,Stable,,,65
Mexico ,BBB+ ,Stable,A3 ,Negative,BBB+ ,Stable,60
Moldova ,,,B3 ,Negative,,,25
Mongolia ,B ,Stable,B2 ,Negative,B ,Stable,36
Montenegro ,B+ ,Negative,B1 ,Negative,,,40
Montserrat ,BBB- ,Stable,,,,,55
Morocco ,BBB- ,Stable,Ba1 ,Stable,BBB- ,Stable,54
Mozambique ,CCC ,Negative,Caa3 ,Negative,CC ,N/A,30
Namibia ,,,Baa3 ,Stable,BBB- ,Stable,55
Netherlands ,AAA ,Stable,Aaa ,Stable,AAA ,Stable,100
New Zealand ,AA ,Stable,Aaa ,Stable,AA ,Stable,90
Nicaragua ,B+ ,Stable,B2 ,Stable,B+ ,Stable,33
Nigeria ,B+ ,Negative,B1 ,Stable,B+ ,Stable,28
Norway ,AAA ,Negative,Aaa ,Stable,AAA ,Stable,99
Oman ,BBB- ,Stable,Baa1 ,Stable,,,78
Pakistan ,B- ,Positive,B3 ,Stable,B ,Stable,19
Panama ,BBB ,Stable,Baa2 ,Stable,BBB ,Stable,60
Papua New Guinea ,B+ ,Negative,B2 ,Stable,,,35
Paraguay ,BB ,Stable,Ba1 ,Stable,BB ,Stable,41
Peru ,BBB+ ,Positive,A3 ,Stable,BBB+ ,Stable,60
Philippines ,BBB ,Stable,Baa2 ,Stable,BBB- ,Positive,53
Poland ,BBB+ ,Negative,A2 ,Negative,A- ,Stable,67
Portugal ,BB+ ,Stable,Ba1 ,Stable,BB+ ,Stable,44
Puerto Rico ,D ,Negative,,,,,0
Qatar ,AA ,Stable,Aa2 ,Negative,AA ,Stable,87
Republic of the Congo ,B- ,Stable,B3 ,Negative Watch,RD ,N/A,30
Romania ,BBB- ,Stable,Baa3 ,Positive,BBB- ,Stable,52
Russia ,BB+ ,Negative,Ba1 ,Negative,BBB- ,Negative,43
Rwanda ,B+ ,Negative,B2 ,Stable,B+ ,Stable,30
San Marino ,,,,,BBB ,Negative,65
Saudi Arabia ,A- ,Stable,A1 ,Stable,AA- ,Negative,86
Senegal ,B+ ,Stable,B1 ,Positive,,,35
Serbia ,BB- ,Stable,B1 ,Positive,BB- ,Stable,36
Seychelles ,,,,,BB- ,Stable,30
Singapore ,AAA ,Stable,Aaa ,Stable,AAA ,Stable,98
Slovakia ,A+ ,Stable,A2 ,Stable,A+ ,Stable,80
Slovenia ,A ,Stable,Baa3 ,Stable,BBB+ ,Positive,61
Solomon Islands ,,,B3 ,Stable,,,25
South Africa ,BBB- ,Negative,Baa2 ,Negative,BBB- ,Stable,49
South Korea ,AA ,Stable,Aa2 ,Stable,AA- ,Stable,84
Spain ,BBB+ ,Stable,Baa2 ,Stable,BBB+ ,Stable,62
Sri Lanka ,B+ ,Negative,B1 ,Negative,B+ ,Negative,38
St Vincent and the Grenadines ,,,B3 ,Stable,,,25
Suriname ,B+ ,Negative,B1 ,Stable,B+ ,Negative,39
Sweden ,AAA ,Stable,Aaa ,Stable,AAA ,Stable,99
Switzerland ,AAA ,Stable,Aaa ,Stable,AAA ,Stable,100
Taiwan ,AA- ,Stable,Aa3 ,Stable,A+ ,Positive,82
Thailand ,BBB+ ,Stable,Baa1 ,Stable,BBB+ ,Stable,63
Trinidad and Tobago ,A- ,Negative,Baa3 ,Negative,,,68
Tunisia ,BB- ,Negative,Ba3 ,Stable,BB- ,Negative,44
Turkey ,BB ,Negative,Baa3 ,Negative Watch,BBB- ,Stable,44
Uganda ,B ,Stable,B1 ,Negative,B+ ,Stable,33
Ukraine ,B- ,Stable,Caa3 ,Stable,CCC ,N/A,15
United Arab Emirates ,AA ,Stable,Aa2 ,Negative,AA ,Stable,90
United Kingdom ,AA ,Negative,Aa1 ,Negative,AA ,Negative,95
United States ,AA+ ,Stable,Aaa ,Stable,AAA ,Stable,97
Uruguay ,BBB ,Negative,Baa2 ,Negative,BBB- ,Stable,56
Venezuela ,CCC ,Negative,Caa3 ,Negative,CCC ,N/A,5
Vietnam ,BB- ,Stable,B1 ,Stable,BB- ,Stable,29
Zambia ,B ,Negative,B3 ,Negative,B ,Negative,34
