country_in_ratings,S&P,Moody's,Fitch,DBRS,TE
Albania,B+,B1,,,35
Andorra,BBB,,BBB,,65
Angola,B-,B2,B,,41
Argentina,B+,B2,B,B,15
Armenia,,B1,B+,,43
Aruba,BBB+,,BBB-,,63
Australia,AAA,Aaa,AAA,AAA,97
Austria,AA+,Aa1,AA+,AAA,96
Azerbaijan,BB+,Ba2,BB+,,55
Bahamas,BB+,Baa3,,,65
Bahrain,B+,B1,BB-,,60
Bangladesh,BB-,Ba3,BB-,,40
Barbados,CCC+,Caa3,,,53
Belarus,B,B3,B,,25
Belgium,AA,Aa3,AA-,AA(high),88
Belize,B-,B3,,,25
Benin,N/A,,N/A,,30
Bermuda,A+,A2,N/A,,91
Bolivia,BB,Ba3,BB-,,38
BosniaandHerzegovina,B,B3,,,28
Botswana,A-,A2,,,73
Brazil,BB-,Ba2,BB-,BB(low),34
Bulgaria,BBB-,Baa2,BBB,,53
BurkinaFaso,B,,,,30
Cambodia,N/A,B2,,,30
Cameroon,B,B2,B,,30
Canada,AAA,Aaa,AAA,AAA,99
CapeVerde,B,,B,,35
CaymanIslands,,Aa3,,,85
Chile,A+,Aa3,A,N/A,78
China,A+,A1,A+,A(high),80
Colombia,BBB-,Baa2,BBB,BBB,52
Congo,CCC+,B3,,,25
CostaRica,BB-,Ba2,BB,,50
Croatia,BB+,Ba2,BB+,,45
Cuba,,Caa2,,,20
Cyprus,BB+,Ba3,BB,BB(low),36
CzechRepublic,AA-,A1,A+,,81
Denmark,AAA,Aaa,AAA,AAA,100
DominicanRepublic,BB-,Ba3,BB-,,36
Ecuador,B-,B3,B,,29
Egypt,B-,B3,B,,28
ElSalvador,CCC+,B3,B-,,41
Estonia,AA-,A1,A+,AA(low),81
Ethiopia,B,B1,B,,31
EuropeanUnion,AA,Aaa,AAA,AAA,99
Fiji,B+,Ba3,,,33
Finland,AA+,Aa1,AA+,AA(high),96
France,AA,Aa2,AA,AAA,90
Gabon,N/A,B3,B,,40
Georgia,BB-,Ba2,BB-,,38
Germany,AAA,Aaa,AAA,AAA,100
Ghana,B-,B3,B,,31
Greece,B,B3,B,CCC(high),10
Grenada,SD,,,,N/A
Guatemala,BB-,Ba1,BB,,49
Honduras,BB-,B1,,,33
HongKong,AA+,Aa2,AA+,,95
Hungary,BBB-,Baa3,BBB-,,47
Iceland,A,A3,A,,55
India,BBB-,Baa2,BBB-,BBB,48
Indonesia,BBB-,Baa2,BBB,,46
Iraq,B-,Caa1,B-,,25
Ireland,A+,A2,A+,A(high),70
IsleofMan,N/A,Aa2,,,98
Israel,A+,A1,A+,,76
Italy,BBB,Baa2,BBB,BBB(high),60
IvoryCoast,,Ba3,B+,,38
Jamaica,B,B3,B,,24
Japan,A+,A1,A,A,78
Jordan,B+,B1,,,45
Kazakhstan,BBB-,Baa3,BBB,,61
Kenya,B+,B2,B+,,20
Kuwait,AA,Aa2,AA,,90
Kyrgyzstan,NR,B2,,,30
Latvia,A-,A3,A-,A(low),69
Lebanon,B-,B3,B-,,31
Lesotho,,,B+,,40
Liechtenstein,AAA,,,,100
Lithuania,A,A3,A-,A(low),69
Luxembourg,AAA,Aaa,AAA,AAA,100
Macau,,Aa3,AA,,88
Macedonia,BB-,,BB+,,48
Malaysia,A-,A3,A-,,66
Maldives,,B2,B+,,N/A
Malta,A-,A3,A+,A(high),74
Mauritius,,Baa1,,,65
Mexico,BBB+,A3,BBB+,BBB(high),60
Moldova,,B3,,,25
Mongolia,B-,B3,B-,,36
Montenegro,B+,B1,,,40
Montserrat,BBB-,,,,55
Morocco,BBB-,Ba1,BBB-,,54
Mozambique,SD,Caa3,RD,,30
Namibia,,Ba1,BB+,,55
Netherlands,AAA,Aaa,AAA,AAA,100
NewZealand,AA,Aaa,AA,,90
Nicaragua,B+,B2,B+,,33
Nigeria,B,B2,B+,,28
Norway,AAA,Aaa,AAA,AAA,99
Oman,BB,Baa3,BBB-,,78
Pakistan,B,B3,B,,19
Panama,BBB,Baa2,BBB,,60
PapuaNewGuinea,B,B2,,,35
Paraguay,BB,Ba1,BB,,41
Peru,BBB+,A3,BBB+,N/A,60
Philippines,BBB,Baa2,BBB,,53
Poland,BBB+,A2,A-,A,67
Portugal,BBB-,Ba1,BBB,BBB(low),44
PuertoRico,D,,,,0
Qatar,AA-,Aa3,AA-,,87
RepublicoftheCongo,CCC+,B3,CC,,30
Romania,BBB-,Baa3,BBB-,,52
Russia,BBB-,Ba1,BBB-,,43
Rwanda,B,B2,B+,,30
SanMarino,,,BBB-,,65
SaudiArabia,A-,A1,A+,,86
Senegal,B+,Ba3,,,35
Serbia,BB,Ba3,BB,,36
Seychelles,,,BB-,,30
Singapore,AAA,Aaa,AAA,AAA,98
Slovakia,A+,A2,A+,A(high),80
Slovenia,A+,Baa1,A-,A,61
SolomonIslands,,B3,,,25
SouthAfrica,BB,Baa3,BB+,,49
SouthKorea,AA,Aa2,AA-,,84
Spain,A-,Baa1,A-,A,62
SriLanka,B+,B1,B+,,38
StVincentandtheGrenadines,,B3,,,25
Suriname,B,B2,B-,,39
Swaziland,,B2,,,N/A
Sweden,AAA,Aaa,AAA,AAA,99
Switzerland,AAA,Aaa,AAA,AAA,100
Taiwan,AA-,Aa3,AA-,,82
Tajikistan,B-,B3,,,N/A
Tanzania,,B1,,,N/A
Thailand,BBB+,Baa1,BBB+,,63
TrinidadandTobago,BBB+,Ba1,,,68
Tunisia,N/A,B2,B+,,44
Turkey,BB,Ba2,BB+,BB(high),44
Uganda,B,B2,B+,,33
Ukraine,B-,Caa2,B-,,15
UnitedArabEmirates,AA,Aa2,AA,,90
UnitedKingdom,AA,Aa2,AA,AAA,95
UnitedStates,AA+,Aaa,AAA,AAA,97
Uruguay,BBB,Baa2,BBB-,BBB(low),56
Venezuela,SD,C,RD,,5
Vietnam,BB-,B1,BB-,,29
Zambia,B,B3,B,,34
