Country name,ISO 3,P1-C1,P1-C2,P1-C3,P1-C4,P2-C1,P2-C2,P2-C3,P2-C4,P3-C1,P3-C2,P3-C3,P3-C4,P4-C1,P4-C2,P4-C3,P4-C4,P4-C5,P4-C6,P5-C1,P5-C2,P5-C3,P5-C4,PA1-C1: Is disaster risk taken into account in public investment and planning decisions?,PA1-C1: National development plan,PA1-C1: Sector strategies and plans,PA1-C1: Climate change policy and strategy,PA1-C1: Poverty reduction strategy papers,PA1-C1: CCA/ UNDAF (Common Country Assessment/ UN Development Assistance Framework),"PA1-C1: Civil defence policy, strategy and contingency planning",PA1-C1: Have legislative and/or regulatory provisions been made for managing disaster risk?,PA1-C2: What is the ratio of the budget allocation to risk reduction versus disaster relief and reconstruction?,PA1-C2: National budget - Risk reduction / prevention (%),PA1-C2: National budget - Relief and reconstruction (%),PA1-C2: Decentralised / sub-national budget - Risk reduction / prevention (%),PA1-C2: Decentralised / sub-national budget - Relief and reconstruction (%),"PA1-C2: USD allocated to hazard proofing sectoral development investments (e.g transport, agriculture, infrastructure)",PA1-C3: Do local governments have legal responsibility and regular / systematic budget allocations for DRR?,PA1-C3: Legislation (Is there a specific legislation for local governments with a mandate for DRR?),PA1-C3: Regular budget allocations for DRR to local government,PA1-C3: Estimated % of local budget allocation assigned to DRR,"PA1-C4: Are civil society organizations, national finance and planning institutions, key economic and development sector organizations represented in the national platform?",PA1-C4: civil society members (specify absolute number),PA1-C4: national finance and planning institutions (specify absolute number),PA1-C4: sectoral organisations (specify absolute number),PA1-C4: private sector (specify absolute number),PA1-C4: science and academic institutions (specify absolute number),PA1-C4: women's organisations participating in national platform (specify absolute number),PA1-C4: other (please specify),PA1-C4: Where is the coordinating lead institution for disaster risk reduction located?,PA1-C4: In the Prime Minister's/President's Office,PA1-C4: In a central planning and/or coordinating unit,PA1-C4: In a civil protection department,PA1-C4: In an environmental planning ministry,PA1-C4: In the Ministry of Finance,PA1-C4: Other (Please specify),PA2-C1: Is there a national multi-hazard risk assessment with a common methodology available to inform planning and development decisions?,PA2-C1: Multi-hazard risk assessment,PA2-C1: % of schools and hospitals assessed,PA2-C1: schools not safe from disasters (specify absolute number),PA2-C1: Gender disaggregated vulnerability and capacity assessments,PA2-C1: Agreed national standards for multi hazard risk assessments,PA2-C1: Risk assessment held by a central repository (lead institution),PA2-C1: Common format for risk assessment,PA2-C1: Risk assessment format customised by user,PA2-C1: Is future/probable risk assessed?,PA2-C1: Please list the sectors that have already used disaster risk assessment as a precondition for sectoral development planning and programming.,"PA2-C2: Are disaster losses and hazards systematically reported, monitored and analyzed?",PA2-C2: Disaster loss databases exist and are regularly updated,"PA2-C2: Reports generated and used in planning by finance, planning and sectoral line ministries (from the disaster databases/ information systems)",PA2-C2: Hazards are consistently monitored across localities and territorial boundaries,PA2-C3: Do risk prone communities receive timely and understandable warnings of impending hazard events?,PA2-C3: Early warnings acted on effectively,PA2-C3: Local level preparedness,PA2-C3: Communication systems and protocols used and applied,PA2-C3: Active involvement of media in early warning dissemination,PA2-C4: Does your country participate in regional or sub-regional actions to reduce disaster risk?,PA2-C4: Establishing and maintaining regional hazard monitoring,PA2-C4: Regional or sub-regional risk assessment,PA2-C4: Regional or sub-regional early warning,PA2-C4: Establishing and implementing protocols for transboundary information sharing,PA2-C4: Establishing and resourcing regional and sub-regional strategies and frameworks,PA3-C1: Is there a national disaster information system publicly available?,PA3-C1: Information is proactively disseminated,"PA3-C1: Established mechanisms for access / dissemination (internet, public information broadcasts - radio, TV, )",PA3-C1: Information is provided with proactive guidance to manage disaster risk,PA3-C2: Is DRR included in the national educational curriculum?,PA3-C2: primary school curriculum,PA3-C2: secondary school curriculum,PA3-C2: university curriculum,PA3-C2: professional DRR education programmes,PA3-C3: Is DRR included in the national scientific applied-research agenda/budget?,PA3-C3: Research programmes and projects,"PA3-C3: Research outputs, products or studies are applied / used by public and private institutions",PA3-C3: Studies on the economic costs and benefits of DRR,PA3-C4: Do public education campaigns for risk-prone communities and local authorities include disaster risk?,PA3-C4: Public education campaigns for enhanced awareness of risk.,PA3-C4: Training of local government,PA3-C4: Disaster management (preparedness and emergency response),PA3-C4: Preventative risk management (risk and vulnerability),PA3-C4: Guidance for risk reduction,PA3-C4: Availability of information on DRR practices at the community level,"PA4-C1: Is there a mechanism in place to protect and restore regulatory ecosystem services? (associated with wet lands, mangroves, forests etc)",PA4-C1: Protected areas legislation,PA4-C1: Payment for ecosystem services (PES),PA4-C1: Integrated planning (for example coastal zone management),PA4-C1: Environmental impacts assessments (EIAs),PA4-C1: Climate change adaptation projects and programmes,PA4-C2: Do social safety nets exist to increase the resilience of risk prone households and communities?,PA4-C2: Crop and property insurance,PA4-C2: Temporary employment guarantee schemes,PA4-C2: Conditional and unconditional cash transfers,"PA4-C2: Micro finance (savings, loans, etc.)",PA4-C2: Micro insurance,PA4-C3: Are the costs and benefits of DRR incorporated into the planning of public investment?,PA4-C3: National and sectoral public investment systems incorporating DRR.,"PA4-C3: Please provide specific examples: e.g. public infrastructure, transport and communication, economic and productive assets",PA4-C3: Investments in retrofitting infrastructures including schools and hospitals,PA4-C4: Is there investment to reduce the risk of vulnerable urban settlements?,PA4-C4: Investment in drainage infrastructure in flood prone areas,PA4-C4: Slope stabilisation in landslide prone areas,PA4-C4: Training of masons on safe construction technology,PA4-C4: Provision of safe land and housing for low income households and communities,PA4-C4: Risk sensitive regulation in land zoning and private real estate development,PA4-C4: Regulated provision of land titling,PA4-C5: Do post-disaster programmes explicitly incorporate and budget for DRR for resilient recovery?,PA4-C5: % of recovery and reconstruction funds assigned to DRR,PA4-C5: DRR capacities of local authorities for response and recovery strengthened,PA4-C5: Risk assessment undertaken in pre- and post-disaster recovery and reconstruction planning,PA4-C5: Measures taken to address gender based issues in recovery,PA4-C6: Are the impacts of disaster risk that are created by major development projects assessed?,PA4-C6: Are cost/benefits of disaster risk taken into account in the design and operation of major development projects?,PA4-C6: Impacts of disaster risk taken account in Environment Impact Assessment (EIA),PA4-C6: By national and sub-national authorities and institutions,PA4-C6: By international development actors,"PA5-C1: Are there national programmes or policies for disaster preparedness, contingency planning and response?",PA5-C1: DRR incorporated in these programmes and policies,"PA5-C1: The institutional mechanisms exist for the rapid mobilisation of resources in a disaster, utilising civil society and the private sector; in addition to public sector support.",PA5-C1: Are there national programmes or policies to make schools and health facilities safe in emergencies?,PA5-C1: Policies and programmes for school and hospital safety,PA5-C1: Training and mock drills in school and hospitals for emergency preparedness,PA5-C1: Are future disaster risks anticipated through scenario development and aligned preparedness planning?,PA5-C1: Potential risk scenarios are developed taking into account climate change projections,PA5-C1: Preparedness plans are regularly updated based on future risk scenarios,"PA5-C2: Are the contingency plans, procedures and resources in place to deal with a major disaster?",PA5-C2: Plans and programmes are developed with gender sensitivities,PA5-C2: Risk management/contingency plans for continued basic service delivery,PA5-C2: Operations and communications centre,PA5-C2: Search and rescue teams,PA5-C2: Stockpiles of relief supplies,PA5-C2: Shelters,PA5-C2: Secure medical facilities,"PA5-C2: Dedicated provision for disabled and elderly in relief, shelter and emergency medical facilities",PA5-C2: Businesses are a proactive partner in planning and delivery of response,PA5-C3: Are financial arrangements in place to deal with major disaster?,PA5-C3: National contingency and calamity funds,PA5-C3: The reduction of future risk is considered in the use of calamity funds,PA5-C3: Insurance and reinsurance facilities,PA5-C3: Catastrophe bonds and other capital market mechanisms,"PA5-C4: Has an agreed method and procedure been adopted to assess damage, loss and needs when disasters occur?",PA5-C4: Damage and loss assessment methodologies and capacities available,PA5-C4: Post-disaster need assessment methodologies,PA5-C4: Post-disaster needs assessment methodologies include guidance on gender aspects,PA5-C4: Identified and trained human resources,HDR 2009 - High human development,HDR 2009 - Low human development,HDR 2009 - Medium human development,HDR 2009 - Very high human development,HDR 2011 - Very high human development,WB - East Asia and Pacific,WB - Europe and Central Asia,WB - High-income OECD members,WB - Latin America & the Caribbean,WB - Middle East and North Africa,WB - South Asia,WB - Sub-Saharan Africa,WB 2009 - High-income economies,WB 2009 - Low-income economies,WB 2009 - Lower-middle-income economies,WB 2009 - Upper-middle-income economies,WB 2011 - High Income - non-OECD,WB 2011 - High Income - OECD,WB 2011 - Low-income economies,WB 2011 - Lower-middle-income economies,WB 2011 - Upper-middle-income economies,Africa,Americas,Asia,Europe,Oceania
Afghanistan,AFG,3,2,3,3,2,2,2,2,2,2,2,3,3,3,2,3,3,3,3,3,2,2,yes,yes,yes,yes,yes,yes,yes,yes,not indicated,20 %,80 %,25 %,75 %,,yes,yes,yes,25 %,yes,3 ,2,20,1,2,2,"UNOCHA,UNDP,WFP,IFRC,IOM,UNHCR,UNICEF,ARCSand NGOs working in DM",not indicated,yes,no,no,no,no,,no,no,,,no,no,no,yes,yes,yes,"MRRD,MoE,MoPH,UN,NGOs",no,no,no,no,no,no,yes,no,no,yes,no,no,no,no,no,no,no,yes,no,no,no,no,no,yes,no,no,no,no,yes,yes,yes,yes,yes,yes,yes,yes,yes,no,yes,yes,yes,yes,no,no,yes,yes,no,no,no,,yes,yes,yes,yes,yes,no,no,yes,no,0,yes,yes,yes,yes,no,yes,yes,yes,yes,no,yes,yes,yes,yes,no,no,yes,yes,no,yes,yes,yes,yes,yes,yes,yes,no,yes,yes,yes,no,no,no,yes,no,no,yes,,1,,,,,,,,,1,,,1,,,,,1,,,,,1,,
Argentina,ARG,3,3,4,4,4,3,4,4,3,3,3,4,3,3,3,4,4,4,4,4,2,4,yes,yes,yes,yes,yes,yes,yes,yes,not indicated,,,,,,no,no,no,0,yes,15,3,5,6,31,0,"49 (áreas de gobierno nacional, provincial, municipal).",not indicated,no,no,no,no,no,Ministerio de Relaciones Exteriores y Ministerio de Seguridad. ,yes,yes,0,0,no,yes,no,yes,no,yes,GPIP,yes,yes,yes,yes,yes,yes,yes,yes,no,yes,yes,yes,yes,yes,yes,yes,no,no,yes,yes,no,no,yes,yes,yes,yes,yes,no,yes,yes,yes,yes,yes,yes,yes,yes,yes,no,yes,yes,yes,yes,yes,no,no,yes,yes,yes,yes,Plan Estratégico Territorial,no,yes,yes,yes,no,yes,yes,no,yes,No están desagregados,yes,yes,yes,yes,yes,yes,yes,yes,yes,yes,yes,no,no,yes,yes,yes,yes,yes,yes,no,yes,yes,yes,yes,yes,yes,yes,no,no,no,yes,yes,yes,yes,yes,yes,yes,1,,,,1,,,,1,,,,,,,1,,,,,1,,1,,,
Australia,AUS,4,4,4,4,4,4,5,4,4,4,4,4,4,4,4,4,4,4,4,4,4,4,yes,yes,yes,yes,yes,no,yes,yes,not indicated,See below,See below,Not known,Not known,See below,yes,yes,no,Not known,yes,Precise number not known,Precise number not known,Precise number not known,precise number not known,precise number not known,precise number not known,,not indicated,no,no,yes,no,no,Attorney-General's Department,no,yes,100,Absolute number not known,no,yes,yes,yes,yes,yes,Not known,yes,yes,yes,no,yes,yes,no,yes,yes,yes,yes,yes,yes,yes,yes,yes,yes,yes,yes,yes,yes,yes,yes,yes,yes,yes,yes,yes,yes,yes,yes,yes,yes,yes,yes,yes,yes,yes,yes,yes,yes,yes,yes,no,yes,no,no,yes,yes,,yes,yes,yes,yes,yes,yes,yes,yes,yes,NA,yes,yes,yes,yes,yes,yes,yes,yes,yes,yes,yes,yes,yes,yes,yes,yes,yes,yes,yes,yes,yes,yes,yes,yes,yes,yes,yes,yes,yes,yes,yes,yes,yes,yes,yes,yes,yes,,,,1,1,,,1,,,,,1,,,,,1,,,,,,,,1
Austria,AUT,4,5,5,3,4,4,5,5,4,4,3,4,4,4,4,4,4,5,5,4,4,4,yes,no,yes,yes,no,no,yes,yes,not indicated,45,15,20,20,500 mio p.a.,yes,yes,yes,2-5,yes,4,4,6,2,3,1,,not indicated,no,no,no,no,no,National Meteorological Service,no,no,,,no,yes,yes,no,no,yes,,yes,yes,no,yes,yes,yes,yes,yes,yes,yes,yes,yes,yes,yes,yes,yes,yes,yes,yes,yes,yes,yes,no,yes,yes,yes,yes,yes,yes,yes,yes,yes,yes,yes,yes,yes,yes,yes,yes,yes,yes,yes,yes,no,yes,no,no,yes,yes,public infrastructure,yes,yes,yes,yes,yes,no,yes,no,yes,,yes,yes,no,yes,yes,yes,yes,no,yes,yes,yes,no,no,yes,no,yes,yes,yes,no,yes,yes,yes,yes,yes,yes,no,yes,yes,yes,yes,yes,no,yes,yes,no,no,yes,,,,1,1,,,1,,,,,1,,,,,1,,,,,,,1,
Bangladesh,BGD,4,4,4,4,4,4,4,3,4,4,3,4,4,4,4,3,4,3,4,3,4,4,yes,yes,yes,yes,yes,yes,no,yes,not indicated,Not yet calculated,Not yet calculated,Not yet calculated,Not yet calculated,Not yet calculated,yes,no,yes,10%,yes,11,2,12,,4,,10,not indicated,no,no,no,no,no,In the Department of Disaster Management (DDM) under the Ministry of Disaster Management and Relief (MoDMR),yes,yes,1,Not yet calculated,no,yes,yes,yes,yes,yes,"Agriculture, Livestock, Women Affairs, Energy, Water development, LGED, Communication, etc.",yes,yes,yes,yes,yes,yes,yes,yes,yes,yes,yes,no,yes,yes,no,yes,yes,yes,yes,yes,yes,yes,yes,yes,yes,yes,yes,no,yes,yes,yes,yes,no,yes,yes,yes,yes,no,yes,yes,yes,yes,yes,yes,yes,yes,no,yes,yes,"In infrastructure, education, and health sectors.",no,yes,yes,yes,yes,yes,no,no,yes,10%,yes,yes,yes,yes,yes,yes,yes,no,yes,yes,yes,yes,yes,yes,yes,yes,yes,yes,yes,yes,yes,yes,yes,yes,yes,yes,no,yes,yes,yes,no,no,yes,yes,yes,yes,yes,,,1,,,,,,,,1,,,1,,,,,1,,,,,1,,
Belarus,BLR,5,4,4,3,4,4,4,4,4,4,4,4,4,4,4,3,3,4,4,4,4,3,yes,yes,no,no,yes,yes,yes,yes,not indicated,"0,16","0,16","0,2","0,2",--,yes,yes,yes,"0,07",yes,4,1,16,-,12,-,-,not indicated,no,no,no,no,no,???????????? ?? ???????????? ?????????,yes,yes,100,-,no,no,yes,no,no,yes,"??????? ""???????????"" ? ??. ???????????? ??????? ???????",yes,yes,yes,yes,yes,no,yes,yes,yes,yes,no,yes,no,yes,no,yes,yes,yes,yes,yes,yes,yes,yes,yes,yes,no,yes,yes,yes,yes,yes,yes,yes,yes,yes,yes,no,no,yes,yes,no,yes,yes,yes,no,no,yes,yes,no,,yes,yes,yes,no,no,yes,no,no,no,,yes,no,no,yes,yes,yes,yes,no,yes,yes,yes,yes,no,yes,yes,yes,yes,yes,no,yes,yes,yes,yes,yes,no,yes,yes,yes,yes,yes,yes,no,yes,yes,no,no,yes,1,,,,,,1,,,,,,,,,1,,,,,1,,,,1,
Benin,BEN,3,2,2,4,3,2,2,1,4,4,3,4,4,4,3,3,4,4,2,2,2,1,yes,yes,yes,yes,yes,yes,yes,yes,not indicated,2%,3%,"0,1%",2%,16 000 000 USD,yes,yes,no,"0,1%",no,6,3,27,0,3,2,,not indicated,no,no,yes,no,no,,yes,yes,100,1364,no,yes,yes,no,yes,yes,La sant?,yes,yes,yes,yes,yes,yes,yes,yes,yes,yes,yes,yes,yes,yes,yes,no,no,yes,no,yes,no,no,yes,no,yes,yes,no,no,yes,yes,yes,yes,yes,yes,yes,yes,yes,no,yes,yes,yes,yes,no,no,yes,yes,yes,yes,no,,no,yes,yes,no,no,yes,no,yes,yes,,yes,yes,yes,yes,no,yes,no,no,yes,yes,yes,no,no,no,yes,no,yes,yes,yes,yes,no,no,yes,no,no,no,yes,no,no,no,no,no,no,no,no,no,no,,1,,,,,,,,,,1,,1,,,,,1,,,1,,,,
Bhutan,BTN,4,3,3,3,3,3,3,3,4,3,2,4,3,3,2,3,3,3,4,3,4,4,yes,yes,yes,yes,yes,yes,no,yes,not indicated,,,,,,yes,yes,no,,yes,,2,13,1,,,,not indicated,yes,no,no,no,no,,no,no,7.034% of schools and 2 out of 20 district hospitals and the National Referral Hospital ,,no,no,yes,no,no,no,,yes,yes,no,yes,yes,yes,yes,yes,yes,yes,no,no,yes,no,yes,yes,yes,yes,yes,no,no,no,no,no,no,no,no,no,yes,yes,yes,yes,yes,yes,yes,yes,yes,no,no,yes,yes,yes,yes,no,no,yes,no,no,yes,,yes,yes,no,yes,yes,yes,no,no,no,,yes,no,no,yes,no,yes,no,no,yes,yes,yes,yes,yes,yes,no,no,no,yes,yes,no,no,yes,no,no,no,no,no,yes,yes,no,yes,no,yes,yes,yes,no,yes,,,1,,,,,,,,1,,,,1,,,,,1,,,,1,,
Botswana,BWA,4,2,2,4,4,2,4,2,3,2,1,5,1,5,1,2,2,4,3,2,3,2,no,no,no,no,no,no,no,no,not indicated,,,,,,no,no,no,,no,1,1,15,,1,1,1,not indicated,yes,no,no,no,no,,yes,no,,,no,no,no,no,no,no,,yes,yes,no,yes,yes,no,yes,yes,yes,no,no,yes,yes,no,no,no,yes,no,no,no,no,no,yes,no,no,no,no,no,yes,yes,yes,yes,yes,yes,yes,yes,yes,yes,yes,yes,yes,yes,no,yes,no,no,no,no,no,,no,yes,no,no,no,yes,yes,no,no,,no,yes,no,yes,yes,yes,no,yes,yes,yes,yes,no,no,yes,yes,yes,yes,yes,no,yes,no,no,yes,yes,yes,no,no,yes,yes,yes,no,no,yes,yes,no,no,yes,,,1,,,,,,,,,1,,,,1,,,,,1,1,,,,
Bulgaria,BGR,4,4,3,4,4,4,4,4,4,4,3,3,4,3,3,4,3,3,4,4,4,4,yes,yes,yes,yes,yes,yes,yes,yes,not indicated,"0,1 %",N/A,N/A,N/A,N/A,yes,yes,yes,N/A,yes,0,1,1,2,1,0,1 NGO,not indicated,no,no,no,no,no,Ministry of Interior,yes,yes,N/A,N/A,no,yes,yes,yes,no,no,N/A,yes,no,yes,yes,yes,yes,yes,yes,yes,yes,yes,yes,yes,yes,yes,yes,yes,yes,no,yes,yes,yes,yes,no,yes,yes,yes,yes,yes,yes,yes,yes,yes,yes,yes,yes,yes,yes,yes,yes,yes,yes,yes,yes,yes,yes,yes,no,no,N/A,yes,yes,yes,yes,yes,yes,yes,yes,yes,N/A,yes,yes,no,yes,yes,yes,no,no,yes,yes,yes,yes,no,yes,no,no,no,yes,no,yes,yes,yes,yes,yes,yes,no,yes,yes,yes,yes,no,no,yes,yes,yes,no,yes,1,,,,,,1,,,,,,,,,1,,,,,1,,,,1,
Burkina Faso,BFA,4,4,4,4,3,4,3,3,3,4,3,4,4,4,4,3,4,4,4,4,4,4,yes,yes,yes,yes,yes,yes,yes,yes,not indicated,,,,,,yes,yes,no,,yes,2,1,35,0,0,13,,not indicated,no,no,no,no,no,Ministère de l’action sociale et de la Solidarité nationale,yes,yes,100,8667,yes,yes,yes,yes,yes,yes,"MENA,MS,MHU,MITD,MASSN,MME,MERH,MRA,MARHASA,etc",yes,yes,yes,yes,no,no,yes,no,yes,yes,yes,yes,yes,yes,no,no,no,yes,no,yes,yes,yes,yes,yes,yes,yes,yes,yes,yes,yes,yes,yes,yes,yes,yes,yes,yes,yes,yes,yes,yes,yes,yes,no,no,yes,yes,yes,yes,"Investissements dans la réhabilitation, dans la construction d’infrastructures, dans le domaine des routes, des écoles, dans les hôpitaux, les industries prenant en compte la RRC ",yes,yes,yes,no,yes,yes,yes,yes,no,,yes,yes,yes,yes,yes,yes,yes,yes,yes,yes,yes,yes,yes,yes,yes,yes,yes,yes,yes,yes,yes,yes,yes,yes,yes,yes,yes,yes,yes,yes,yes,no,yes,yes,yes,yes,yes,,1,,,,,,,,,,1,,1,,,,,1,,,1,,,,
Burundi,BDI,4,3,4,4,3,3,3,3,2,4,2,4,4,4,3,3,3,4,3,3,2,2,yes,yes,yes,yes,yes,yes,yes,yes,not indicated,4%,,indefini,,1.966559,yes,yes,no,4%,yes,1,1,11,0,2,2,-,not indicated,no,no,yes,no,no,Ministere de la sécurité Publique,yes,yes,10,134,yes,yes,yes,yes,yes,yes,"santé, education, environnement, energie agriculture, travaux publics et transports",yes,yes,no,yes,yes,yes,yes,yes,yes,yes,yes,yes,yes,yes,no,yes,yes,yes,no,yes,yes,yes,yes,no,yes,yes,yes,yes,yes,yes,yes,yes,yes,yes,yes,yes,yes,no,yes,yes,yes,yes,yes,no,no,yes,yes,yes,yes,"La Banque de la Republique du BURUNDI, l'Aeroport International de Bujumbura",yes,yes,yes,yes,no,no,yes,yes,yes,4,yes,yes,yes,yes,yes,yes,yes,yes,yes,yes,yes,yes,yes,no,yes,yes,yes,yes,yes,yes,no,yes,yes,yes,yes,yes,yes,yes,yes,yes,yes,no,yes,no,no,yes,yes,,1,,,,,,,,,,1,,1,,,1,,1,,,1,,,,
Cabo Verde,CPV,4,3,1,4,4,4,4,4,4,2,4,3,4,4,4,4,4,4,4,4,4,4,yes,yes,yes,yes,yes,yes,yes,yes,not indicated,sin datos concretos,sin datos concretos,sin datos concretos,sin datos concretos,sin datos concretos,yes,no,no,Sin datos concretos,no,7,2,30,23,9,3,3 les institutions religieuses,not indicated,no,no,yes,yes,no,Ministerio de Administración Interna,yes,yes,en fase de ejecucion,en fase de ejecucion,no,yes,no,yes,no,yes,Ministerio del Ambiente,yes,yes,no,no,yes,yes,yes,yes,yes,yes,yes,yes,yes,yes,no,no,no,yes,yes,no,no,no,no,yes,yes,yes,yes,no,yes,yes,yes,yes,yes,yes,yes,yes,yes,yes,yes,yes,yes,yes,no,no,no,yes,no,no,yes,"suministro de agua potable, red de alcantarillado,mejoria de carreteras, etc",yes,yes,yes,yes,no,yes,yes,no,yes,sin dados,yes,yes,yes,yes,no,yes,yes,yes,yes,yes,yes,yes,yes,yes,yes,yes,yes,yes,no,yes,yes,yes,yes,yes,yes,yes,no,yes,yes,yes,no,no,yes,yes,yes,no,yes,,,1,,,,,,,,,1,,,1,,,,,1,,1,,,,
Cameroon,CMR,4,4,4,5,4,4,4,4,4,4,4,4,4,3,4,4,4,4,4,3,4,4,yes,no,yes,yes,yes,no,yes,yes,not indicated,35 %,65%,Non disponible,Non disponible,Non disponible,yes,yes,yes,,yes,1,2,20,5,3,Non,"Le secteur de la communication  3 Chacune des Agences du Système des Nations Unies, représentée au Cameroun et impliquée dans la gestion de la RRC",not indicated,no,no,yes,no,no,,yes,yes,,,no,no,no,no,no,yes,"Ce sont Les secteurs : -	 des infrastructures à travers les études d’impact environnemental et social,  -	agro-pastoral sur la base des données météorologiques,  -	eau et énergie dans la production de l’électricité et des produits pétroliers",no,no,yes,yes,yes,yes,yes,yes,yes,yes,yes,no,no,yes,yes,yes,yes,yes,yes,yes,yes,yes,yes,yes,yes,yes,yes,yes,yes,yes,yes,yes,no,yes,yes,yes,yes,yes,yes,yes,yes,yes,no,no,no,yes,no,yes,yes,"Construction des barrages de retenue de Lom Pangar, Memvelé ; ",yes,yes,yes,yes,no,no,yes,yes,yes,65% ,yes,yes,yes,yes,yes,yes,yes,yes,yes,yes,yes,yes,yes,yes,yes,yes,yes,yes,yes,yes,yes,yes,yes,yes,yes,yes,yes,yes,yes,no,no,no,yes,no,yes,yes,yes,,,1,,,,,,,,,1,,,1,,,,,1,,1,,,,
Colombia,COL,4,4,4,4,4,3,4,4,4,3,3,4,4,3,4,4,4,3,4,4,4,4,yes,yes,yes,yes,no,yes,yes,no,not indicated,30,70,,,,yes,yes,yes,,yes,1,2,16,4,8,,6,not indicated,yes,no,no,no,no,,yes,yes,,,no,no,no,no,no,yes,"Transporte, energía, infraestructura, agricultura",yes,yes,yes,yes,yes,yes,yes,yes,no,yes,yes,yes,yes,yes,no,yes,no,yes,no,yes,yes,yes,no,no,yes,yes,no,no,yes,yes,yes,yes,yes,yes,yes,yes,yes,no,yes,yes,yes,yes,yes,no,no,no,yes,yes,yes,"Infraestructura, transporte, energía y agricultura",yes,yes,yes,yes,yes,yes,yes,no,yes,59.3,yes,yes,no,yes,yes,no,yes,yes,yes,yes,yes,no,no,yes,no,no,no,yes,yes,yes,no,yes,yes,yes,no,no,yes,yes,yes,yes,yes,yes,yes,yes,yes,yes,yes,1,,,,,,,,1,,,,,,,1,,,,,1,,1,,,
"Congo, Dem Rep of the",COD,2,2,2,2,2,2,2,2,2,2,2,2,2,2,2,2,2,2,2,2,2,2,yes,yes,no,no,yes,no,no,yes,not indicated,R.A.S,R.A.S,R.A.S,R.A.S,R.A.S,no,no,no,R.A.S,yes,"confession religieuse, ONGS ASBL","Ministère du Plan, des Finances et Budgets","PAM, UNICEF","ONGS, Etablissement à caractère humanitaire",Universités et Instituts Supérieurs,ONGS,,not indicated,no,no,yes,no,no,MINISTERE DE L’INTERIEUR,yes,no,R.A.S (évaluer dans un avenir proche),R.A.S (évaluer dans un avenir proche),no,yes,yes,no,no,yes,"Nord Kivu, Sud-Kivu et Kinshasa",yes,yes,yes,yes,yes,yes,yes,yes,yes,yes,yes,yes,yes,yes,yes,yes,yes,yes,yes,no,no,no,no,no,yes,yes,yes,no,yes,yes,yes,yes,yes,yes,yes,yes,yes,yes,yes,yes,yes,yes,yes,no,no,no,no,yes,yes,,yes,yes,yes,yes,yes,yes,yes,yes,no,,yes,yes,yes,yes,yes,yes,yes,yes,yes,yes,yes,yes,yes,yes,yes,yes,yes,yes,yes,yes,yes,yes,yes,yes,no,yes,no,yes,yes,yes,yes,no,yes,yes,yes,yes,yes,,1,,,,,,,,,,1,,1,,,,,1,,,1,,,,
Côte d'Ivoire,CIV,3,2,2,3,3,2,2,2,1,1,1,2,3,2,1,2,2,1,1,2,2,1,yes,yes,no,yes,no,no,no,no,not indicated,,,,,,no,no,no,,yes,5,3,28,4,12,1,,not indicated,yes,no,no,no,no,,no,no,,,yes,no,no,no,no,no,,no,no,no,no,no,no,no,no,no,yes,yes,yes,no,no,no,no,no,no,no,no,no,no,no,no,no,no,no,no,no,no,no,no,no,no,no,yes,yes,no,yes,yes,yes,no,no,no,no,no,no,no,yes,,yes,no,no,no,no,no,no,no,no,,no,no,no,no,no,no,no,no,no,no,no,no,no,no,no,no,no,no,no,no,no,no,no,no,no,no,no,no,no,no,no,no,no,no,no,no,no,,1,,,,,,,,,,1,,,1,,,,,1,,1,,,,
Croatia,HRV,3,3,3,4,4,3,4,4,3,3,3,3,3,3,3,3,3,3,3,4,3,3,yes,yes,yes,no,no,no,yes,yes,not indicated,,,,,,no,no,no,,yes,4,12,1,0,4,0,0,not indicated,no,no,yes,no,no,,no,no,,,no,yes,yes,yes,yes,no,1,yes,yes,no,no,yes,yes,yes,yes,yes,yes,yes,no,yes,yes,yes,yes,yes,yes,no,yes,yes,yes,yes,yes,no,yes,yes,yes,yes,yes,yes,yes,no,no,yes,yes,yes,yes,yes,yes,yes,yes,yes,no,yes,yes,yes,yes,yes,,no,yes,yes,yes,yes,yes,yes,yes,no,,yes,no,no,yes,no,yes,yes,yes,yes,no,yes,yes,yes,yes,no,no,no,yes,yes,yes,yes,yes,yes,yes,yes,yes,yes,yes,yes,no,yes,no,yes,yes,yes,no,yes,1,,,,1,,,,,,,,1,,,,1,,,,1,,,,1,
Czech Republic,CZE,4,3,4,4,4,4,5,4,5,4,4,4,4,3,3,3,3,4,5,4,5,4,yes,yes,yes,yes,no,no,yes,yes,not indicated,,,,,,yes,yes,yes,,yes,3,0,2,0,5,0,0,not indicated,yes,no,yes,yes,yes,,yes,yes,90,0,yes,yes,no,no,yes,yes,"Industry Sector, Agriculture Sector, Healt Sector.",yes,no,yes,yes,yes,yes,yes,yes,yes,yes,yes,yes,yes,yes,yes,yes,yes,yes,yes,yes,yes,yes,no,yes,yes,yes,yes,yes,yes,yes,yes,yes,yes,no,yes,yes,yes,yes,no,yes,yes,yes,yes,yes,yes,no,no,yes,no,,yes,yes,yes,yes,no,no,yes,no,yes,,no,yes,no,yes,yes,yes,no,no,yes,yes,yes,yes,yes,yes,yes,yes,yes,yes,no,yes,yes,yes,yes,yes,yes,yes,no,yes,yes,yes,yes,yes,yes,yes,yes,no,yes,,,,1,1,,,1,,,,,1,,,,,1,,,,,,,1,
Denmark,DNK,4,4,5,2,4,4,4,4,4,4,4,4,4,5,4,5,3,4,5,3,4,3,yes,no,yes,yes,no,no,yes,yes,not indicated,-,-,-,-,-,no,no,no,-,no,-,-,-,-,-,-,-,not indicated,no,no,yes,yes,no,,yes,yes,-,-,no,no,no,yes,yes,yes,"Municipal fire & rescue services, the electricity and natural gas sectors, the transport sector (e.g. the national rail authority , municipal port authorities and several other critical infrastructure operators), the health sector (e.g. regional health au",yes,no,no,yes,yes,yes,yes,yes,yes,yes,yes,yes,yes,yes,yes,yes,yes,yes,yes,yes,no,no,yes,yes,yes,yes,yes,no,yes,yes,yes,yes,yes,yes,yes,yes,yes,no,yes,yes,yes,yes,yes,yes,yes,no,no,yes,yes,"Transportation sector, public transport (e.g. Copenhagen metro expansion project), coastline maintenance projects, etc.",yes,yes,yes,no,yes,yes,yes,yes,no,-,yes,no,no,yes,yes,no,yes,no,yes,yes,yes,yes,yes,yes,yes,yes,yes,yes,no,yes,yes,yes,yes,yes,yes,yes,no,yes,yes,yes,yes,yes,no,no,no,no,no,,,,1,1,,,1,,,,,1,,,,,1,,,,,,,1,
Dominican Republic,DOM,4,2,2,4,3,3,4,3,3,4,3,2,4,3,2,3,2,3,4,4,3,4,no,yes,yes,yes,yes,yes,yes,yes,not indicated,0.05%,1% Respuesta y reconstrucccion,,44 M. US$ BID. 100 M. US$ Crédito de Contingencia BID. 24 M. US$ Seguros - BID.  4 M € Ayuda programática RRD - AECID  . Proyecto de 2.2 millones de Euros a traves de la Union Europea,,no,yes,no,,yes,2,1,24,1,4,1,ONGs,not indicated,no,no,no,no,no,Comisión Nacional de Emergencias,yes,yes,35%,"3,000",yes,yes,no,no,yes,yes,,yes,no,no,yes,yes,yes,yes,yes,yes,yes,yes,no,yes,no,yes,no,yes,yes,no,yes,yes,yes,yes,yes,no,yes,no,yes,no,yes,yes,yes,yes,no,yes,yes,yes,yes,yes,yes,yes,yes,yes,no,yes,no,yes,no,yes,,yes,yes,yes,yes,no,yes,no,no,no,1%,yes,no,yes,yes,yes,yes,yes,yes,yes,yes,yes,yes,yes,yes,no,no,yes,yes,yes,no,yes,yes,yes,yes,no,no,yes,yes,yes,yes,yes,yes,yes,yes,yes,yes,yes,,,1,,,,,,1,,,,,,,1,,,,,1,,1,,,
Ecuador,ECU,4,4,4,4,3,4,3,4,4,4,4,4,4,4,4,4,4,3,4,4,3,4,yes,yes,yes,yes,yes,yes,yes,yes,not indicated,,,,,,yes,yes,yes,,yes,2820,3,45,30,20,,18,not indicated,no,no,no,no,no,Secretaría de Gestión de Riesgo (rango de ministerio),yes,yes,"0,24%",,no,yes,no,yes,no,no,,yes,yes,yes,yes,yes,yes,yes,yes,yes,yes,yes,yes,yes,yes,yes,yes,yes,yes,yes,yes,yes,yes,yes,yes,yes,yes,yes,yes,yes,yes,yes,yes,yes,yes,yes,yes,yes,yes,yes,yes,yes,yes,yes,no,yes,yes,no,yes,yes,Mantenimiento vial con vías más seguras,yes,yes,yes,yes,yes,yes,yes,yes,yes,,yes,yes,yes,yes,yes,yes,yes,yes,yes,yes,yes,yes,yes,yes,yes,no,yes,yes,yes,yes,yes,yes,yes,yes,yes,yes,no,yes,yes,no,yes,no,yes,yes,yes,yes,yes,1,,,,,,,,1,,,,,,1,,,,,,1,,1,,,
Egypt,EGY,4,2,4,4,4,3,3,3,3,3,2,4,4,3,4,3,3,3,4,4,3,3,yes,no,yes,yes,yes,yes,yes,no,not indicated,0 %,0 %,0 %,0 %,,yes,no,yes,,yes,3,0,0,0,0,0,,not indicated,no,yes,no,no,no,,no,yes,0,0,no,no,no,no,no,no,,yes,yes,yes,yes,yes,no,yes,yes,no,yes,yes,yes,yes,yes,yes,yes,yes,yes,yes,yes,yes,yes,yes,no,yes,yes,yes,yes,yes,yes,yes,yes,yes,yes,yes,yes,yes,yes,yes,yes,yes,yes,yes,no,yes,no,no,yes,yes,,yes,yes,yes,yes,no,yes,no,no,no,0,yes,yes,yes,yes,yes,yes,yes,yes,yes,yes,yes,yes,yes,yes,yes,yes,yes,yes,yes,yes,yes,yes,yes,yes,yes,yes,yes,yes,yes,no,no,yes,no,no,no,no,no,,,1,,,,,,,1,,,,,1,,,,,1,,1,,,,
Ethiopia,ETH,4,3,4,4,4,4,4,4,4,4,4,4,4,4,3,3,3,4,4,4,4,4,yes,yes,yes,yes,yes,yes,yes,yes,not indicated,,,,,,yes,yes,yes,,yes,45,2,6,0,4,2,,not indicated,yes,no,no,no,no,,yes,yes,,,yes,yes,yes,yes,yes,yes,All Sectors,yes,yes,yes,yes,yes,yes,yes,yes,yes,yes,yes,yes,yes,yes,yes,yes,yes,yes,yes,yes,yes,yes,yes,yes,yes,yes,yes,yes,yes,yes,yes,yes,yes,yes,yes,yes,yes,yes,yes,yes,yes,yes,yes,yes,yes,yes,yes,yes,yes,Economic and productive assets,no,no,yes,yes,yes,yes,yes,yes,no,,no,yes,yes,yes,yes,yes,yes,yes,yes,yes,yes,yes,yes,yes,yes,yes,yes,yes,yes,yes,yes,yes,yes,yes,yes,yes,no,yes,yes,yes,no,no,yes,yes,yes,yes,yes,,1,,,,,,,,,,1,,1,,,,,1,,,1,,,,
Fiji,FJI,5,4,5,5,5,5,5,5,5,5,5,5,5,5,5,5,5,5,5,5,5,5,yes,yes,yes,yes,yes,yes,yes,yes,not indicated,50%,50%,Small Percentage,Small Percentage,Small Percentage,yes,yes,yes,Small Percentage,yes,Specific Number not available,Specific Number not available,Specific Number not available,Specific Number not available,Specific Number not available,Specific Number not available,Specific Number not available,not indicated,no,yes,no,no,no,,yes,yes,Specific number not available,Specific number not available,yes,yes,yes,yes,yes,yes,Specific number not available,yes,yes,yes,yes,yes,yes,yes,yes,yes,yes,yes,yes,yes,yes,yes,yes,yes,yes,yes,yes,yes,yes,yes,yes,yes,yes,yes,yes,yes,yes,yes,yes,yes,yes,yes,yes,yes,yes,yes,yes,yes,yes,yes,yes,yes,yes,yes,yes,yes,Rural Development,yes,yes,yes,yes,yes,yes,yes,yes,yes,50%,yes,yes,yes,yes,yes,yes,yes,yes,yes,yes,yes,yes,yes,yes,yes,yes,yes,yes,yes,yes,yes,yes,yes,yes,yes,yes,yes,yes,yes,yes,yes,yes,yes,yes,yes,yes,yes,,,1,,,1,,,,,,,,,,1,,,,1,,,,,,1
Finland,FIN,4,4,4,4,4,4,5,4,4,4,4,4,4,5,4,5,4,4,4,4,4,4,yes,yes,yes,yes,yes,no,yes,yes,not indicated,N/A,N/A,N/A,N/A,,yes,yes,yes,N/A,yes,4,1,10,0,1,0,0,not indicated,no,no,yes,no,no,,yes,yes,100,0,yes,yes,yes,yes,yes,yes,,yes,yes,yes,yes,yes,yes,yes,yes,yes,yes,yes,yes,yes,yes,yes,yes,yes,yes,yes,yes,yes,yes,no,yes,yes,yes,yes,yes,yes,yes,yes,yes,yes,yes,yes,yes,yes,yes,yes,yes,yes,yes,yes,yes,yes,yes,yes,yes,yes,,yes,yes,yes,yes,yes,yes,yes,yes,yes,N/A,yes,yes,yes,yes,yes,yes,yes,yes,yes,yes,yes,yes,yes,yes,yes,yes,yes,yes,yes,yes,yes,yes,yes,yes,yes,yes,yes,yes,yes,yes,yes,no,yes,yes,yes,yes,yes,,,,1,1,,,1,,,,,1,,,,,1,,,,,,,1,
France,FRA,4,4,4,4,3,4,5,4,4,3,3,3,4,4,3,4,4,3,4,3,5,5,yes,no,yes,yes,no,no,yes,yes,not indicated,0.03,0.0057,,,,yes,yes,yes,,yes,,,,,,,,not indicated,yes,no,yes,yes,yes,,no,yes,0,0,yes,yes,yes,no,yes,yes,,yes,yes,yes,no,yes,yes,yes,yes,yes,yes,no,no,yes,yes,yes,yes,yes,yes,no,yes,yes,yes,yes,yes,yes,yes,yes,yes,yes,yes,yes,no,no,no,yes,yes,yes,yes,yes,yes,yes,yes,yes,yes,yes,no,yes,yes,no,,no,yes,yes,yes,no,no,yes,yes,yes,0,no,yes,no,yes,yes,yes,yes,yes,yes,yes,yes,yes,yes,yes,yes,yes,yes,yes,yes,yes,yes,yes,yes,yes,yes,no,no,yes,yes,yes,yes,no,yes,yes,yes,yes,yes,,,,1,1,,,1,,,,,1,,,,,1,,,,,,,1,
Gabon,GAB,3,3,2,4,1,1,1,2,1,4,1,1,1,2,3,1,3,4,3,3,4,3,yes,yes,yes,yes,yes,no,yes,yes,not indicated,"2,9%","2,9%",0%,0%,,no,yes,no,0%,yes,5,1,20,2,2,1,0,not indicated,no,no,no,no,no,dans le Ministère en charge de la Réduction des Risques de Catastrophe (Intérieur),no,no,"1,32%",10,no,no,no,no,yes,no,,no,no,no,no,no,no,yes,no,no,yes,no,no,no,no,no,no,no,no,no,yes,yes,yes,no,yes,no,no,no,no,no,yes,no,yes,yes,no,no,no,yes,no,yes,yes,yes,no,no,no,no,yes,no,yes,yes,,yes,yes,yes,no,no,yes,no,yes,yes,,no,no,no,yes,yes,yes,no,no,yes,yes,yes,yes,yes,no,no,no,no,yes,yes,no,no,yes,no,no,yes,no,no,no,yes,yes,yes,no,yes,yes,yes,no,yes,,,1,,,,,,,,,1,,,,1,,,,,1,1,,,,
Gambia,GMB,5,4,5,4,4,4,4,2,5,3,4,5,4,2,2,1,4,4,4,4,4,4,yes,yes,no,no,yes,yes,yes,yes,not indicated,,,,,,yes,no,yes,,yes,8,3,12,1,1,1,6,not indicated,yes,no,no,no,no,,no,yes,,,yes,yes,yes,yes,yes,no,"DWR, GAMBIA RED CROSS SOCIETY, UNICEF, FAO, GBoS",yes,yes,yes,yes,yes,yes,no,yes,yes,yes,no,no,yes,no,no,yes,yes,yes,yes,yes,no,no,yes,no,no,no,no,no,yes,yes,yes,yes,yes,yes,yes,yes,yes,no,yes,yes,yes,yes,no,no,yes,no,no,no,no,,no,yes,yes,yes,no,no,yes,yes,yes,,no,yes,yes,yes,yes,yes,no,yes,yes,yes,yes,yes,no,no,yes,yes,yes,yes,yes,yes,yes,no,yes,no,no,no,no,yes,yes,yes,no,no,yes,yes,yes,yes,yes,,1,,,,,,,,,,1,,1,,,,,1,,,1,,,,
Georgia,GEO,3,3,3,3,3,3,3,2,3,4,3,3,3,3,2,2,3,3,4,4,4,4,no,yes,yes,yes,yes,yes,yes,yes,not indicated,Not available,Not available,Not available,Not available,Not available,yes,yes,yes,,no,,,,,,,,not indicated,no,no,no,no,no,,no,yes,,,no,yes,no,no,yes,yes,,yes,yes,yes,yes,no,no,no,yes,no,yes,yes,yes,yes,yes,yes,yes,no,yes,yes,yes,yes,yes,yes,no,no,no,no,no,no,yes,yes,no,no,no,no,yes,yes,no,no,yes,yes,no,yes,yes,yes,yes,no,yes,no,,yes,yes,yes,yes,no,no,yes,no,yes,,yes,yes,no,yes,no,yes,no,no,yes,yes,yes,yes,yes,yes,no,yes,no,yes,no,yes,yes,yes,yes,yes,yes,yes,no,yes,yes,yes,no,no,yes,yes,no,no,yes,,,1,,,,1,,,,,,,,1,,,,,1,,,,1,,
Germany,DEU,5,4,4,4,4,4,4,4,4,3,4,4,4,5,3,4,3,3,4,4,4,4,yes,no,yes,yes,yes,no,no,yes,not indicated,,,,,,yes,yes,yes,0,yes,9,0,12,5,30,0,"Ministry of Interior of North Rhine-Westphalia, Wether Studio ""nd German Television, Federal Agency of Watermanagement, and about 20 experts",not indicated,no,no,no,no,no,NGO on behalf of Federal Government directly connected to the Federal Forein Office,no,no,0,0,no,no,no,no,no,no,--not complete--,no,no,no,no,yes,yes,yes,yes,yes,yes,no,no,no,no,no,yes,no,no,no,yes,no,no,yes,yes,yes,yes,yes,no,yes,yes,yes,no,no,no,yes,yes,yes,yes,yes,yes,yes,yes,yes,no,no,yes,yes,no,no,,no,yes,yes,yes,yes,no,yes,no,yes,0,no,no,no,yes,no,no,no,no,yes,no,no,no,yes,no,no,no,yes,yes,no,no,yes,yes,yes,yes,yes,no,no,yes,no,no,yes,no,yes,yes,yes,no,yes,,,,1,1,,,1,,,,,1,,,,,1,,,,,,,1,
Ghana,GHA,4,2,2,4,4,4,4,4,5,1,4,4,4,4,3,3,4,4,4,4,4,4,yes,yes,yes,yes,yes,yes,yes,yes,not indicated,,,,,,no,no,no,,yes,Yes,Yes,Yes,Yes,Yes,Yes,,not indicated,no,yes,no,no,no,,yes,no,,,no,no,no,no,no,no,,yes,yes,yes,yes,yes,yes,yes,yes,yes,yes,yes,yes,yes,yes,yes,yes,yes,yes,yes,yes,no,no,no,yes,yes,yes,yes,no,yes,yes,yes,yes,yes,yes,yes,yes,yes,yes,yes,yes,yes,yes,yes,yes,yes,yes,yes,yes,yes,,yes,yes,yes,no,no,yes,yes,yes,yes,,yes,yes,yes,yes,yes,yes,yes,yes,yes,yes,yes,yes,no,no,yes,yes,yes,yes,yes,yes,yes,yes,yes,yes,yes,yes,yes,yes,yes,yes,yes,yes,yes,yes,yes,yes,yes,,,1,,,,,,,,,1,,1,,,,,,1,,1,,,,
Greece,GRC,4,4,4,4,4,4,5,4,4,4,4,4,4,4,4,5,4,4,4,4,4,4,yes,yes,yes,yes,yes,no,yes,yes,not indicated,,,,,,yes,yes,yes,,yes,1,,16,,2,,,not indicated,no,yes,no,no,no,,yes,yes,,,no,no,yes,no,no,no,,yes,yes,no,yes,yes,yes,yes,yes,yes,yes,yes,yes,yes,yes,yes,no,yes,yes,yes,yes,yes,yes,yes,yes,yes,yes,yes,no,yes,yes,yes,yes,yes,yes,yes,no,yes,no,yes,yes,yes,yes,yes,no,yes,yes,no,yes,yes,,yes,yes,yes,yes,yes,yes,yes,yes,yes,,yes,yes,no,yes,yes,yes,yes,no,yes,yes,yes,yes,yes,yes,yes,yes,yes,yes,no,yes,yes,yes,yes,yes,yes,yes,yes,yes,yes,no,yes,no,yes,yes,yes,no,yes,,,,1,1,,,1,,,,,1,,,,,1,,,,,,,1,
Guatemala,GTM,3,1,2,3,2,3,2,2,3,4,4,4,4,1,1,2,2,2,4,4,3,4,yes,no,no,yes,no,no,yes,yes,not indicated,,,,,,no,yes,no,,yes,12,2,28,2,3,5,22 agencias de cooperación y organizaciones internacionales,not indicated,no,no,no,no,no,Secretarías y Otras Dependencias del Ejecutivo,yes,no,18.18%,877,yes,no,yes,yes,yes,yes,"Evaluación de amenazas :Sector Género – CODEFEM- Comisión de Desarrollo y Descentralización •	Sector Educación –MINEDUC-SECONRED -evaluación rapida post-evento  •	Sector Carreteras y caminos – COVIAL – Unidad Ejecutora de Conservación Vial •	Sector Energí",yes,yes,yes,yes,yes,yes,yes,yes,no,yes,yes,yes,yes,yes,yes,yes,yes,yes,yes,yes,yes,yes,yes,yes,yes,yes,yes,yes,yes,yes,yes,yes,yes,yes,yes,yes,yes,yes,no,yes,yes,no,no,no,no,no,no,no,yes,,no,no,no,no,yes,no,no,no,no,,yes,yes,yes,no,no,yes,no,no,yes,yes,yes,yes,yes,yes,yes,yes,no,yes,yes,yes,yes,yes,yes,no,no,no,no,yes,yes,no,no,no,yes,yes,no,yes,yes,,,1,,,,,,1,,,,,,1,,,,,1,,,1,,,
Guinea,GIN,3,3,3,3,3,3,3,3,3,3,3,3,3,3,3,3,3,3,3,3,3,3,yes,yes,yes,yes,yes,yes,yes,yes,not indicated,"LESS THAN 2 PCT(2013) AND  MORE THAN 12 DEDICATED ESSENTIALLY AGAINST  EBOLA  EPIDEMY(GNF 3.0000.000.000.000 and USD  143,047,567 ACCORDIND TO THE EBOLA RIPOSTE ACTION PLAN DOCUMENT- sept 2014)",MORE THAN 21 HEALTH  AND SOCIAL SECTOR INCLUDING(forecast 2015: USD 295).,NOT SPECIFIED,NOT SPECIFIED,NOT SPECIFIED IN THE BUDGET,yes,yes,no,NOT  SPECIFIED,yes,"5 Five  (5) whit out  NGO, dont  LE PRINCIPAL EST  LE CNOSCG(CONSEIL NATIONAL  DES ORGANISATIONS DE LA SOCIETE CIVILE DE GUINEE comprenant plusieurs membres ","Two (2), ",All public sectors and principal private sectors,Principal private sectors,All public academic institutions and private academic institutions,Principal women organisations,former women  minister and parlementary,not indicated,yes,no,no,yes,yes,,yes,yes,LESS THAN 10 ,NOT SPECIFIED,yes,yes,yes,no,no,yes,"Health,MINING(chemical)....)",yes,yes,yes,yes,yes,yes,no,yes,yes,yes,yes,yes,yes,yes,yes,yes,no,no,no,yes,yes,yes,yes,yes,yes,yes,yes,yes,yes,yes,yes,yes,yes,yes,yes,yes,yes,yes,yes,yes,yes,yes,yes,yes,yes,yes,yes,yes,yes,"Projet avec Integration de DDR : Le projet de Backbone National(Fibre Optique-télecommunication, cout USD:238 MI millions )Le projet integré de chemin de fer et port en eau profonde TransGuinéen et de Port a usage multiple de SimandouFer(SIMFER, cout en U",yes,yes,yes,no,yes,yes,yes,yes,yes,More than USD:295 millions;(Recovery Recontruction of sanitary systeme after EBOLA épidemicc Not specified for 2015),yes,yes,yes,yes,yes,yes,yes,yes,yes,yes,yes,yes,yes,yes,yes,yes,yes,yes,yes,yes,no,yes,yes,yes,yes,no,yes,yes,yes,yes,yes,yes,yes,yes,yes,yes,yes,,1,,,,,,,,,,1,,1,,,,,1,,,1,,,,
Guinea-Bissau,GNB,4,2,2,3,1,3,1,1,1,2,1,2,3,1,3,1,1,2,3,1,1,2,yes,yes,yes,yes,yes,yes,yes,no,not indicated,0%,0%,0%,0%,0,yes,no,no,RAS,no,X,X,X,X,X,X,,not indicated,no,no,yes,no,no,,no,no,Non,Non,no,no,no,no,yes,no,RAS,no,no,no,no,no,no,no,no,yes,no,no,no,no,no,no,no,no,no,no,no,no,no,no,no,no,no,no,no,no,no,no,no,no,no,no,yes,yes,yes,yes,yes,yes,no,no,no,no,yes,no,no,no,,no,no,no,no,yes,no,yes,no,no,,no,no,no,no,yes,yes,yes,yes,no,yes,no,no,no,no,no,yes,no,no,no,no,no,no,no,no,yes,no,no,no,no,no,no,no,no,no,no,yes,no,,1,,,,,,,,,,1,,1,,,,,1,,,1,,,,
Hungary,HUN,4,4,4,4,5,4,5,5,5,4,4,5,4,4,4,5,4,4,5,5,4,5,yes,yes,yes,yes,no,no,yes,yes,not indicated,,,,,,yes,no,no,,yes,6,2,6,4,4,0,,not indicated,no,no,yes,no,no,,yes,no,100,0,no,yes,yes,no,no,yes,,yes,yes,yes,no,yes,yes,yes,yes,yes,yes,no,yes,yes,yes,no,yes,yes,yes,yes,yes,yes,yes,no,yes,yes,yes,yes,yes,yes,yes,yes,yes,yes,yes,yes,yes,yes,no,yes,yes,yes,yes,yes,no,no,yes,no,yes,no,,yes,yes,yes,yes,yes,yes,yes,yes,no,incorporated into total budget,yes,yes,yes,yes,yes,yes,yes,no,yes,yes,yes,yes,yes,yes,yes,yes,yes,yes,no,yes,yes,yes,yes,yes,yes,yes,yes,yes,yes,yes,yes,no,yes,yes,yes,no,yes,1,,,,1,,,1,,,,,1,,,,,1,,,,,,,1,
India,IND,5,4,4,5,4,4,4,4,5,5,3,4,4,4,4,3,4,4,5,5,5,4,yes,yes,yes,yes,yes,yes,yes,yes,not indicated,,,,,"265 million USD allocated to hazard proofing sectoral development investments (e.g transport, agriculture, infrastructure)",yes,yes,no,,yes,,,,,,,,not indicated,no,no,no,no,no,Ministry of Home Affairs,yes,yes,,,no,no,yes,no,no,yes," 265 million USD allocated to hazard proofing sectoral development investments (e.g transport, agriculture, infrastructure)",yes,yes,yes,yes,yes,yes,yes,yes,yes,yes,no,no,yes,yes,no,yes,yes,yes,yes,yes,no,yes,yes,yes,yes,yes,yes,no,yes,yes,yes,yes,no,yes,yes,yes,yes,yes,no,yes,yes,yes,yes,yes,yes,yes,yes,yes,no,0,yes,yes,yes,yes,yes,yes,yes,yes,yes,0,yes,yes,yes,yes,yes,yes,yes,yes,yes,yes,yes,yes,yes,yes,yes,no,yes,yes,no,yes,yes,yes,yes,yes,yes,yes,yes,yes,yes,yes,yes,yes,yes,yes,no,no,no,,,1,,,,,,,,1,,,,1,,,,,1,,,,1,,
Indonesia,IDN,4,3,4,3,4,4,4,4,4,4,4,4,4,3,2,4,4,3,4,3,3,4,yes,yes,yes,yes,no,yes,no,yes,not indicated,0.9,,0.38,,,yes,yes,yes,0.1-0.38,yes,67,2,22,9,26,2,2,not indicated,no,no,no,no,no,"Independent ministerial-level authority, the BNPB",yes,yes,,,no,yes,yes,yes,no,no,"Public works, energy, mineral resources, marine and fishery, climate, agriculture",yes,yes,yes,yes,yes,yes,yes,yes,yes,yes,yes,yes,yes,yes,yes,yes,yes,yes,yes,yes,yes,yes,yes,yes,yes,yes,yes,no,yes,yes,yes,yes,no,yes,yes,yes,yes,yes,yes,yes,no,yes,no,yes,yes,yes,yes,no,no,,yes,yes,yes,yes,yes,yes,yes,yes,yes,5,yes,yes,yes,no,no,no,no,no,yes,yes,yes,yes,yes,yes,yes,yes,yes,yes,no,yes,yes,yes,yes,yes,yes,yes,no,yes,yes,no,yes,no,yes,yes,yes,yes,yes,,,1,,,1,,,,,,,,,1,,,,,1,,,,1,,
Iraq,IRQ,2,1,2,2,2,2,3,2,2,1,2,1,1,1,2,1,1,1,2,1,2,1,yes,yes,yes,yes,yes,yes,yes,yes,not indicated,,,,,,no,yes,no,,no,,,,,,,,not indicated,yes,no,no,yes,no,,no,no,,,no,no,no,no,no,yes,,no,no,no,yes,yes,yes,yes,no,yes,yes,no,no,no,no,no,no,yes,yes,no,yes,yes,yes,no,no,no,no,no,no,yes,no,no,yes,no,no,no,yes,yes,no,no,yes,yes,yes,yes,yes,yes,yes,no,no,yes,,yes,no,no,no,no,yes,no,yes,yes,,yes,no,no,yes,no,no,yes,no,yes,yes,yes,yes,yes,no,no,yes,no,yes,no,yes,yes,yes,yes,yes,yes,yes,no,yes,yes,yes,no,no,no,no,no,no,no,,,,,,,,,,1,,,,,1,,,,,1,,,,1,,
Italy,ITA,2,4,4,4,4,4,5,4,5,4,4,4,4,3,3,3,5,4,5,5,4,4,yes,yes,yes,yes,no,no,yes,yes,not indicated,,,,,,yes,yes,yes,,no,,,,,,,,not indicated,no,no,yes,no,no,,yes,no,,,yes,yes,no,yes,yes,yes,,yes,yes,yes,yes,yes,yes,yes,yes,yes,yes,yes,yes,yes,yes,yes,yes,yes,yes,yes,yes,no,no,no,yes,yes,yes,yes,yes,yes,yes,yes,yes,yes,yes,yes,yes,no,yes,yes,yes,yes,yes,yes,yes,yes,yes,no,no,yes,,yes,yes,yes,yes,yes,no,yes,no,yes,,yes,yes,yes,yes,no,yes,yes,yes,yes,yes,yes,yes,yes,yes,yes,yes,yes,yes,yes,yes,yes,yes,yes,yes,yes,yes,yes,yes,yes,yes,no,no,yes,yes,yes,yes,yes,,,,1,1,,,1,,,,,1,,,,,1,,,,,,,1,
Jordan,JOR,3,2,3,2,1,3,3,2,3,3,2,1,2,2,2,3,2,2,2,3,2,3,yes,yes,no,no,no,no,yes,yes,not indicated,,6 ????? ????? ????? ????? ,,,,yes,yes,yes,6 ????? ????? ,no,,2,,,,,???? ??????? ????????,not indicated,no,no,yes,no,no,????? ???????? / ?????? ?????? ?????? ?????? ,no,no,,,no,no,no,no,no,yes,,yes,yes,no,yes,no,yes,yes,no,yes,yes,no,no,no,no,yes,no,no,yes,no,no,yes,no,no,no,no,yes,no,no,no,yes,yes,yes,no,yes,no,no,yes,no,yes,yes,no,no,yes,no,no,yes,no,yes,no,,yes,no,no,no,yes,no,yes,yes,no,,yes,yes,no,yes,no,yes,yes,no,yes,no,no,yes,no,yes,yes,no,no,yes,no,no,yes,yes,yes,yes,yes,yes,no,yes,no,yes,no,no,no,no,no,no,yes,,,1,,,,,,,1,,,,,1,,,,,,1,,,1,,
Kenya,KEN,4,3,4,3,2,3,2,4,3,4,4,4,4,4,3,3,4,3,4,4,3,4,yes,yes,yes,yes,yes,yes,no,yes,not indicated,,,,,,yes,yes,yes,5,yes,7,1,7,7,3,2,youth organizations1,not indicated,yes,no,no,no,no,,yes,no,15,85,no,yes,yes,no,no,no,,no,no,yes,no,no,no,yes,yes,yes,no,no,no,no,no,yes,no,no,yes,no,no,yes,no,yes,yes,no,yes,no,no,yes,yes,no,yes,no,no,no,no,yes,no,no,yes,yes,no,no,no,yes,yes,no,no,no,,no,yes,yes,yes,no,no,yes,no,no,,yes,yes,yes,yes,yes,yes,no,yes,yes,yes,no,yes,no,yes,yes,no,yes,yes,no,yes,yes,yes,yes,no,no,no,no,yes,yes,no,no,no,yes,yes,yes,no,no,,,1,,,,,,,,,1,,1,,,,,1,,,1,,,,
Kyrgyzstan,KGZ,4,4,3,4,4,4,4,4,4,3,3,4,4,3,3,3,3,3,4,3,3,3,yes,yes,yes,yes,yes,no,no,yes,not indicated,,,,,,yes,no,yes,0.20%,no,,3,16,2,6,,,not indicated,yes,no,no,no,no,,no,yes,100%,1800,yes,yes,yes,no,no,yes,"Local governments, Ministry of emergency situations ",yes,no,yes,yes,yes,no,no,yes,yes,yes,yes,yes,yes,yes,yes,yes,yes,yes,yes,yes,yes,yes,no,yes,no,no,no,no,yes,yes,yes,yes,no,yes,yes,yes,yes,yes,yes,yes,yes,yes,no,no,yes,yes,yes,yes,yes,"Planning of public infrastructure, as well as transport, communication and ",yes,yes,yes,yes,no,yes,yes,yes,yes,,yes,yes,yes,yes,yes,yes,yes,yes,yes,yes,yes,yes,yes,yes,yes,yes,yes,yes,yes,yes,yes,yes,yes,yes,yes,yes,yes,no,no,no,no,no,yes,yes,yes,yes,no,,,1,,,,1,,,,,,,1,,,,,1,,,,,1,,
Lao People's Democratic Republic,LAO,4,2,3,2,3,3,3,3,2,4,1,3,4,1,1,3,2,3,2,3,1,3,yes,yes,yes,yes,yes,yes,yes,no,not indicated,,,,,,no,no,no,,no,,,15,,,,,not indicated,no,no,no,yes,no,,yes,no,,,no,no,no,no,no,no,,yes,yes,no,yes,no,yes,no,no,yes,yes,yes,no,yes,yes,yes,yes,no,yes,no,yes,yes,yes,yes,yes,no,yes,no,no,yes,yes,yes,yes,no,no,yes,yes,yes,no,yes,yes,yes,no,no,no,no,yes,no,no,yes,,no,no,yes,yes,no,no,no,no,no,,yes,no,yes,yes,yes,yes,yes,yes,yes,yes,yes,yes,yes,yes,yes,no,yes,yes,yes,no,no,yes,yes,yes,yes,no,no,yes,yes,no,no,no,no,yes,no,no,yes,,,1,,,1,,,,,,,,1,,,,,,1,,,,1,,
Lebanon,LBN,3,2,3,3,4,4,3,3,3,3,3,4,4,2,3,2,3,3,4,3,2,4,no,yes,yes,yes,yes,yes,yes,no,not indicated,,,,,,no,yes,yes,,yes,3,3,16,,2,1,,not indicated,yes,no,no,no,no,,yes,no,,,no,yes,no,no,no,yes,,yes,yes,no,yes,yes,no,yes,no,yes,yes,yes,yes,yes,yes,yes,yes,yes,yes,yes,no,no,no,no,yes,no,yes,yes,no,yes,yes,yes,yes,yes,yes,yes,yes,yes,no,yes,yes,yes,no,yes,no,yes,yes,yes,no,no,,yes,no,yes,yes,no,no,no,no,no,,yes,no,yes,yes,yes,yes,yes,yes,yes,yes,yes,yes,yes,yes,yes,yes,yes,yes,yes,no,no,no,yes,no,yes,yes,yes,no,yes,no,no,no,yes,yes,yes,yes,yes,1,,,,,,,,,1,,,,,,1,,,,,1,,,1,,
Lesotho,LSO,3,1,1,1,1,1,2,1,2,3,1,2,2,3,2,1,1,1,2,2,1,2,no,yes,no,yes,no,no,yes,yes,not indicated,0.001%,,0%,,0,no,yes,no,0%,yes,,,,,,,,not indicated,yes,no,no,no,no,,no,no,0%,None,no,no,no,no,no,no,None,no,no,no,no,yes,no,no,no,yes,yes,no,no,no,no,no,no,no,yes,yes,yes,yes,no,no,no,no,no,no,no,yes,yes,yes,yes,yes,yes,yes,yes,yes,no,no,yes,no,yes,no,no,yes,yes,no,no,no,,no,no,no,no,no,no,no,no,yes,,yes,yes,yes,no,no,no,no,no,yes,yes,yes,no,no,no,yes,no,no,yes,yes,yes,no,no,no,no,no,no,no,no,no,no,no,no,yes,yes,yes,yes,yes,,,1,,,,,,,,,1,,,1,,,,,1,,1,,,,
Madagascar,MDG,4,3,4,4,4,2,2,2,4,5,4,2,2,1,2,2,4,2,4,4,2,4,yes,yes,yes,yes,yes,yes,yes,yes,not indicated,,,,,,no,no,no,1 a 2 %,yes,20,2,10,5,3,1,pas d'information,not indicated,yes,no,no,no,no,x,no,no,,,no,no,no,no,no,no,,yes,yes,no,no,yes,yes,yes,yes,yes,yes,yes,yes,no,no,no,yes,yes,yes,no,yes,yes,no,yes,no,no,no,no,no,yes,yes,yes,yes,yes,yes,no,yes,yes,no,yes,yes,yes,no,no,no,no,no,no,no,no,,no,yes,yes,no,no,no,no,yes,no,,yes,yes,no,yes,no,no,no,no,yes,no,yes,yes,yes,yes,no,no,yes,yes,yes,yes,yes,yes,yes,yes,no,yes,yes,no,no,no,no,no,yes,yes,yes,yes,yes,,,1,,,,,,,,,1,,1,,,,,1,,,1,,,,
Malawi,MWI,4,2,3,3,3,4,4,4,3,4,3,4,3,4,3,3,4,3,3,4,3,4,yes,yes,yes,no,yes,yes,no,yes,not indicated,<1%,<1%,<1%,<1%,0,no,no,no,0%,yes,20,5,3,0,4,1,9,not indicated,yes,no,no,no,no,,no,no,0%,n/a,yes,no,yes,no,yes,no,n/a,yes,yes,yes,yes,yes,yes,yes,yes,yes,yes,no,no,yes,no,no,no,yes,yes,yes,yes,yes,yes,yes,yes,no,yes,yes,yes,yes,yes,yes,yes,yes,yes,yes,yes,yes,yes,yes,yes,yes,yes,yes,yes,yes,yes,yes,no,yes,agriculture and food security; irrigation and water development; transport infrastructure development; integrated rural development and energy generation and supply,yes,yes,yes,no,yes,yes,no,no,no,,yes,no,yes,yes,no,no,no,no,yes,yes,yes,yes,no,no,yes,yes,yes,yes,yes,yes,no,yes,yes,yes,no,yes,no,yes,yes,no,yes,no,yes,yes,yes,yes,yes,,1,,,,,,,,,,1,,1,,,,,1,,,1,,,,
Mali,MLI,3,3,3,3,3,3,3,3,3,4,3,3,3,3,3,3,3,3,3,3,3,3,yes,yes,yes,yes,yes,yes,yes,yes,not indicated,Non évalué,Non évalué,,,Non évalué,no,yes,no,,no,,,,,,,,not indicated,no,no,yes,no,no,,yes,no,,,no,no,yes,yes,yes,no,5,no,no,no,no,yes,no,no,no,yes,yes,no,no,yes,yes,yes,yes,yes,yes,yes,yes,yes,yes,no,no,yes,yes,yes,yes,yes,yes,yes,yes,no,no,no,yes,yes,no,yes,yes,yes,no,no,no,no,no,no,yes,yes,"Code minier,code de la route,code de construction,la loi d'orientation agricole ",no,yes,yes,no,no,no,yes,yes,yes,"non evalue', processus de prise en compte en cours",yes,yes,yes,yes,yes,yes,yes,yes,yes,yes,no,no,no,no,yes,yes,no,no,no,no,no,yes,yes,no,yes,no,no,yes,yes,no,yes,no,no,yes,yes,yes,yes,,1,,,,,,,,,,1,,1,,,,,1,,,1,,,,
Mauritius,MUS,4,4,4,4,3,3,4,4,4,4,2,4,4,4,3,4,3,3,4,4,4,4,yes,yes,yes,yes,no,no,no,yes,not indicated,2%,,,,,yes,no,no,2%,yes,,,,,,,,not indicated,no,yes,no,no,no,,no,no,,,no,no,no,no,no,no,".  Road construction, Agriculture, Water Sector such as Dam Construction.",no,no,no,no,yes,no,no,no,no,yes,no,no,no,no,no,yes,no,no,no,yes,yes,yes,yes,no,no,yes,no,no,yes,yes,yes,yes,yes,yes,yes,yes,yes,yes,yes,yes,yes,yes,yes,no,no,yes,yes,no,no,,yes,yes,yes,yes,yes,yes,yes,yes,no,,yes,no,no,yes,yes,yes,yes,yes,yes,yes,yes,yes,yes,yes,no,no,no,no,yes,yes,yes,yes,yes,yes,yes,yes,yes,yes,yes,yes,yes,no,no,no,no,no,no,1,,,,,,,,,,,1,,,,1,,,,,1,1,,,,
Mexico,MEX,4,3,3,4,2,3,4,3,3,2,3,2,3,3,3,2,3,3,3,2,4,3,no,yes,yes,yes,yes,yes,yes,yes,not indicated,0.007,0.31,3,97,"25,904,875.84",yes,yes,no,n/d,yes,1297,1,1707,2,3,1,,not indicated,no,yes,no,no,no,,no,no,87.6 y 16,"3,074",yes,no,yes,no,no,yes,"Hospitalario, educativo, salud y carretero.",yes,yes,no,yes,yes,yes,no,yes,yes,yes,no,no,no,yes,yes,yes,yes,yes,yes,yes,yes,no,yes,no,yes,yes,yes,no,no,no,yes,no,yes,yes,no,yes,yes,yes,yes,yes,yes,yes,yes,yes,no,no,no,no,yes,CADENA en el sector agropecuario y Escuela Digna en el INIFED,yes,yes,yes,yes,yes,no,no,no,yes,0.30 del presupuesto nacional,yes,yes,yes,yes,no,no,yes,yes,yes,yes,yes,yes,yes,yes,yes,no,no,yes,yes,yes,yes,yes,no,yes,yes,no,yes,yes,yes,yes,yes,yes,yes,yes,yes,yes,no,1,,,,,,,,1,,,,,,,1,,1,,,1,,1,,,
Mongolia,MNG,3,3,2,2,3,3,3,3,3,3,3,3,3,2,3,3,2,2,3,4,4,4,yes,yes,yes,yes,yes,no,no,yes,not indicated,see below,see below,,,see below,no,no,no,,no,,0,0,0,0,0,0,not indicated,no,no,no,no,no,,no,no,,,no,no,no,yes,no,yes,,no,no,yes,no,yes,yes,no,yes,yes,yes,no,no,no,no,yes,yes,yes,yes,no,yes,no,no,yes,yes,yes,yes,yes,no,yes,yes,yes,yes,no,no,yes,yes,yes,yes,no,yes,yes,yes,yes,no,no,yes,yes,yes,yes,see below,yes,yes,yes,no,yes,yes,no,no,no,,no,no,yes,yes,no,yes,yes,yes,yes,yes,yes,no,no,no,yes,yes,no,yes,no,no,yes,yes,yes,no,yes,no,no,yes,yes,no,yes,no,yes,yes,no,no,no,,,1,,,1,,,,,,,,,1,,,,,1,,,,1,,
Morocco,MAR,4,3,5,4,4,4,4,4,3,4,3,4,5,5,4,5,4,4,4,4,5,4,yes,yes,yes,yes,yes,yes,yes,yes,not indicated,,,,,,no,yes,no,,yes,5,3,26,6,15,3,secteur bancaire,not indicated,yes,yes,no,yes,no,,yes,no,,,no,yes,yes,no,no,yes,,yes,yes,yes,yes,yes,yes,yes,yes,yes,yes,no,yes,yes,no,no,yes,no,yes,no,yes,yes,yes,yes,yes,yes,yes,yes,yes,yes,yes,yes,yes,yes,yes,yes,yes,yes,yes,yes,yes,yes,yes,yes,yes,yes,yes,yes,yes,yes,"Hopitaux, infrastructures tourustiques",yes,yes,yes,yes,yes,yes,yes,yes,yes,,yes,yes,yes,yes,yes,yes,yes,yes,yes,yes,yes,yes,yes,yes,yes,no,no,yes,yes,yes,yes,yes,yes,yes,yes,yes,yes,yes,yes,yes,yes,no,yes,no,no,no,yes,,,1,,,,,,,1,,,,,1,,,,,1,,1,,,,
Mozambique,MOZ,5,4,4,4,4,4,4,4,4,4,4,5,4,4,4,4,4,4,4,4,5,4,yes,yes,yes,yes,yes,yes,yes,yes,not indicated,7.43,1.21,10.08,0.08,USD145.5 million,yes,yes,yes,10.16,yes,1 platform,2,2,1 platform,2,2,,not indicated,no,no,no,no,no,Ministry of State Administrtion,yes,yes,100% of schools,13074,yes,no,yes,no,no,yes,"Agriculture, Roads and bridges, human settlements",no,yes,yes,yes,yes,yes,yes,no,yes,yes,yes,yes,yes,yes,yes,yes,yes,yes,yes,yes,yes,yes,yes,yes,yes,yes,yes,yes,yes,yes,yes,yes,yes,yes,yes,yes,yes,yes,yes,yes,yes,yes,yes,yes,yes,yes,no,yes,yes,"Roads, transport and communication, agriculture, housing. ",yes,yes,yes,yes,yes,yes,no,yes,yes,8.6,yes,yes,yes,yes,yes,yes,yes,yes,yes,yes,yes,yes,yes,yes,yes,yes,yes,yes,yes,yes,yes,yes,yes,yes,yes,yes,yes,yes,yes,yes,no,no,yes,yes,yes,yes,yes,,1,,,,,,,,,,1,,1,,,,,1,,,1,,,,
Nepal,NPL,3,2,3,4,2,3,2,3,3,4,2,3,3,3,2,3,2,2,3,4,3,3,yes,yes,no,yes,yes,yes,yes,yes,not indicated,NA,NA,NA,NA,NA,no,yes,no,NA,yes,Around 100,NA,NA,NA,5,NA,NA,not indicated,no,no,no,no,no,Ministry of Home Affairs,no,no,Insignificant,NA,no,no,no,no,no,no,,yes,yes,yes,no,no,no,no,no,no,yes,no,no,no,no,no,yes,yes,yes,no,no,yes,yes,yes,yes,no,no,no,no,yes,yes,yes,no,no,no,yes,yes,yes,no,no,yes,yes,no,yes,no,no,no,no,no,no,NA,yes,yes,yes,yes,yes,no,no,no,no,5,no,no,no,no,no,no,no,no,yes,yes,no,yes,yes,yes,no,no,no,yes,yes,no,yes,no,yes,yes,yes,yes,no,yes,yes,no,no,no,yes,yes,yes,yes,yes,,,1,,,,,,,,1,,,1,,,,,1,,,,,1,,
"Netherlands, the",NLD,5,4,4,5,4,5,5,5,4,4,4,4,5,4,4,5,4,4,4,4,4,4,yes,yes,yes,yes,yes,yes,yes,yes,not indicated,"Due to legal and democratic responsibilities on national, provincial an municipal level is there no overview",,"Due to legal and democratic responsibilities on national, provincial an municipal level is there no overview",,,yes,yes,yes,,no,,,11,1,,,,not indicated,no,yes,no,no,no,Ministry of security and justice,yes,yes,100% based on building codes,,no,yes,yes,yes,yes,yes,All sectors,no,no,yes,yes,yes,yes,yes,yes,yes,yes,yes,yes,yes,yes,yes,yes,yes,no,no,yes,yes,yes,yes,yes,yes,yes,yes,no,yes,yes,yes,yes,yes,yes,yes,yes,yes,yes,yes,yes,yes,no,yes,no,no,no,no,yes,yes,societal continuity plans (government and private bussiness),yes,yes,yes,no,yes,yes,yes,yes,yes,ther is a recovery scheme ,yes,yes,yes,yes,yes,yes,yes,yes,yes,yes,yes,yes,yes,no,yes,yes,yes,yes,no,yes,yes,yes,yes,yes,yes,no,yes,yes,yes,yes,yes,yes,yes,yes,yes,yes,yes,,,,1,1,,,1,,,,,1,,,,,1,,,,,,,1,
New Zealand,NZL,4,4,4,3,4,4,4,4,4,4,4,4,4,4,4,4,4,4,4,4,4,4,yes,no,yes,yes,no,no,yes,yes,not indicated,Not aggregated,Not aggregated,Not aggregated,Not aggregated,Not aggregated,yes,yes,no,Not aggregated,no,N/A,N/A,N/A,N/A,N/A,N/A,N/A,not indicated,yes,no,no,no,no,,yes,yes,N/A,N/A,no,yes,no,no,yes,yes,N/A,no,no,yes,yes,yes,yes,yes,yes,yes,yes,yes,yes,yes,yes,yes,yes,yes,yes,yes,yes,yes,no,yes,yes,yes,yes,yes,no,yes,yes,yes,yes,yes,yes,yes,yes,yes,no,yes,yes,yes,yes,yes,yes,no,no,no,yes,yes,"For example, the Government Policy Statement on Land Transport Funding and the National Land Transport Programme 2012-15 give effect to a significant programme on investment.  Part of this involves maintaining roads and other infrastructure.",yes,yes,yes,yes,yes,yes,yes,yes,yes,Unquantified,yes,yes,yes,yes,yes,yes,yes,no,yes,yes,yes,no,yes,yes,yes,yes,yes,yes,yes,yes,yes,yes,no,no,yes,yes,yes,yes,no,no,yes,no,yes,yes,yes,no,yes,,,,1,1,,,1,,,,,1,,,,,1,,,,,,,,1
Niger,NER,3,4,2,3,3,4,3,2,3,1,2,2,4,4,4,3,3,3,3,3,3,3,yes,yes,yes,yes,no,yes,yes,yes,not indicated,40,60,25,75,300 millions,yes,yes,yes,30,yes,6,35,16,1,4,2,Personnes à besoins spécifiques: 1,not indicated,yes,no,no,no,no,,yes,yes,0,0,no,no,yes,yes,no,yes,"Agriculture, Elevage, Transport, Environnement",yes,yes,yes,yes,yes,yes,yes,no,yes,yes,yes,yes,no,yes,yes,yes,yes,yes,yes,yes,no,no,yes,yes,yes,yes,yes,no,yes,yes,yes,yes,yes,yes,yes,yes,yes,no,yes,yes,yes,yes,no,no,yes,yes,no,yes,yes,"dans le domaine agricole, les producteurs sont sensibilisés sur les types de semences à utiliser par rapport à la durée de la saison en fonction des zones agroécologiques.Centre National de Haut",no,yes,yes,no,yes,yes,no,yes,yes,20,yes,yes,no,yes,no,yes,yes,yes,yes,yes,yes,no,no,no,yes,yes,yes,yes,no,yes,yes,yes,yes,yes,no,no,no,yes,yes,yes,yes,no,yes,yes,yes,no,yes,,1,,,,,,,,,,1,,1,,,,,1,,,1,,,,
Nigeria,NGA,4,4,2,4,4,4,4,4,4,4,4,4,4,4,4,4,4,4,4,4,4,4,yes,yes,yes,yes,yes,yes,yes,yes,not indicated,0.3,0.7,,,,no,no,no,,yes,15,2,20,5,6,5,2 (traditional institutions & youth organisations),not indicated,yes,no,no,no,no,,no,no,,,no,no,yes,yes,no,yes,"Health, Agriculture, education, water & sanitation, environment, infrasturcture",yes,yes,yes,yes,yes,yes,yes,yes,yes,yes,yes,yes,yes,yes,yes,yes,yes,yes,yes,yes,yes,yes,yes,yes,yes,yes,yes,yes,yes,yes,yes,yes,yes,yes,yes,yes,yes,yes,yes,yes,yes,yes,yes,yes,yes,yes,yes,yes,yes,"The building of dams, agricultural projects which will reduce umemployment to increase the resilience of the community, and the downstream population will be positively impacted.",yes,yes,yes,yes,yes,yes,yes,yes,yes,5%,yes,yes,yes,yes,yes,yes,yes,yes,yes,yes,yes,yes,yes,yes,yes,yes,yes,yes,yes,yes,yes,yes,yes,yes,yes,yes,yes,yes,yes,yes,yes,no,yes,yes,yes,yes,yes,,,1,,,,,,,,,1,,,1,,,,,1,,1,,,,
Norway,NOR,4,4,4,3,4,4,4,5,4,4,4,4,4,4,4,4,4,5,4,4,5,4,yes,no,yes,yes,no,no,yes,yes,not indicated,Not available,Not available,Not available,Not availabe,Not available,yes,yes,yes,N/A,yes,,8,1,,,,3,not indicated,no,yes,yes,no,no,,yes,yes,0,N/A,no,no,yes,yes,no,yes,,yes,no,no,no,yes,yes,yes,yes,yes,yes,yes,yes,yes,yes,yes,yes,yes,yes,yes,yes,yes,yes,yes,yes,yes,yes,yes,yes,yes,yes,yes,yes,yes,yes,yes,yes,yes,no,yes,yes,yes,yes,yes,yes,yes,no,no,yes,yes,,yes,yes,yes,yes,yes,yes,yes,yes,no,0,yes,yes,no,yes,yes,yes,yes,yes,yes,yes,yes,yes,yes,yes,yes,yes,yes,yes,no,yes,yes,yes,yes,yes,yes,yes,yes,yes,yes,yes,yes,yes,yes,yes,yes,no,yes,,,,1,1,,,1,,,,,1,,,,,1,,,,,,,1,
Pakistan,PAK,4,4,4,4,3,3,3,4,3,3,3,3,3,3,3,3,4,3,3,4,4,3,yes,no,yes,yes,yes,no,yes,yes,not indicated,Yes (in process),Yes (in process),not complete,Yes,in process,yes,yes,no,not complete it is still in process in some provinces,yes,numerous,Two,Two,One,0,One,,not indicated,yes,no,no,yes,no,,yes,yes,0,0,no,no,no,no,yes,no,"In process, not complete",yes,yes,yes,yes,yes,yes,yes,yes,yes,yes,yes,no,yes,yes,yes,yes,yes,yes,yes,yes,no,no,yes,yes,yes,yes,yes,yes,yes,yes,yes,yes,yes,yes,yes,yes,yes,no,no,yes,yes,no,no,no,yes,yes,no,yes,no,Not cpmplete,no,yes,yes,no,yes,yes,no,no,yes, in process,yes,no,yes,no,yes,no,yes,yes,yes,yes,yes,yes,yes,yes,yes,yes,yes,yes,yes,yes,yes,yes,yes,yes,yes,yes,yes,yes,yes,yes,no,no,yes,yes,yes,yes,yes,,,1,,,,,,,,1,,,,1,,,,,1,,,,1,,
"Palestine, State of",PSE,3,3,2,3,4,3,2,4,4,3,2,4,3,2,1,2,2,2,3,3,1,2,yes,yes,yes,yes,yes,no,yes,no,not indicated,16,85,,,,no,no,no,,yes,5,2,15,2,1,1,,not indicated,no,no,yes,no,no,?????? ?????? ?????? ?????? ,no,yes,50,0,yes,yes,no,yes,no,no,???? ???????? ??????? ????? ????? ??????? ?? ????? ????? ????? ??????????? ?? ?????? ??? ??? ????? ????? ?????? ????? ??????? ??? ? ? ??? ????? ?? ??????? ?? ?????? ??? 2008 N,yes,yes,no,no,no,no,yes,no,yes,yes,yes,no,no,no,no,yes,no,yes,yes,yes,yes,no,yes,yes,yes,yes,yes,no,yes,yes,yes,yes,yes,yes,yes,yes,no,no,no,yes,yes,no,yes,no,no,yes,no,no,no,,no,no,no,yes,yes,no,no,yes,no,,no,no,no,no,no,no,no,no,yes,yes,yes,yes,yes,yes,yes,yes,yes,yes,no,yes,no,yes,yes,no,yes,no,yes,no,no,no,no,no,no,no,no,no,no,,,1,,,,,,,,,,,,,,,,,,,,,1,,
Paraguay,PRY,4,4,4,4,4,4,4,4,4,4,4,4,4,4,4,4,4,4,4,4,4,4,yes,yes,yes,yes,yes,yes,yes,yes,not indicated,30,70,30,70,No disponible,yes,yes,yes,Variable,yes,5,2,20,3,2,1,10,not indicated,yes,no,no,no,no,,yes,yes,95%,40%,no,no,yes,no,no,yes,"Salud, Educación, Ministerio de Obras Públicas, Energía, Ambiente, Planificación, Agricultura",yes,yes,yes,yes,yes,yes,yes,no,yes,yes,yes,yes,yes,yes,yes,yes,yes,yes,no,yes,yes,no,yes,yes,yes,yes,yes,yes,yes,yes,yes,yes,yes,yes,yes,yes,yes,yes,no,yes,yes,yes,yes,yes,yes,yes,no,yes,yes,"Infraestructura, agricultura, energía, comunicaciones",yes,yes,yes,no,yes,yes,yes,no,yes,25%,yes,yes,no,no,yes,yes,yes,yes,yes,yes,yes,yes,yes,yes,yes,no,yes,yes,yes,yes,yes,yes,yes,yes,yes,yes,yes,yes,yes,yes,no,no,yes,yes,yes,yes,yes,,,1,,,,,,1,,,,,,1,,,,,1,,,1,,,
Peru,PER,4,4,4,3,4,3,3,4,4,4,3,4,4,3,3,3,2,3,4,4,4,3,yes,yes,yes,yes,yes,yes,yes,yes,not indicated,66.00 %,34.00 %,84.33 %,15.67 %,"1404'500,000 USD",yes,yes,yes,25.4 %,yes,45,3,21,1,35,1,,not indicated,yes,no,no,no,no,,yes,yes,1.4 %,0,yes,yes,yes,yes,no,no,"Ambiente, salud vivienda, Agricultura, GObierno Regional y Gobierno Local",yes,yes,yes,no,yes,yes,yes,yes,yes,yes,yes,yes,yes,no,no,yes,yes,yes,yes,yes,yes,yes,no,yes,yes,yes,yes,no,yes,yes,yes,yes,yes,yes,yes,yes,yes,yes,yes,yes,yes,no,yes,yes,yes,yes,no,yes,yes,,yes,yes,yes,no,no,no,yes,no,no,0,yes,yes,no,yes,no,yes,no,no,yes,yes,yes,yes,yes,yes,yes,no,yes,yes,no,yes,yes,yes,yes,no,yes,no,yes,yes,yes,yes,no,no,yes,yes,yes,no,yes,1,,,,,,,,1,,,,,,,1,,,,,1,,1,,,
Philippines,PHL,4,4,4,4,3,3,3,4,4,3,4,4,4,4,3,3,3,3,4,4,3,4,yes,yes,yes,yes,no,yes,yes,yes,not indicated,0.5%,.25% - Relief & Reconstruction,3.5%,1.5% - Relief & Reconstruction,,yes,yes,yes,5%,yes,4,39,6,1,1,5,,not indicated,no,no,yes,no,no,,no,no,,,no,no,no,no,yes,no,"Competitive and Sustainable Agriculture and Fisheries Sector, Infrastructure Development, Environment and Natural Resources, Energy",yes,yes,yes,yes,yes,yes,yes,yes,yes,yes,yes,yes,yes,yes,yes,yes,yes,yes,yes,yes,yes,yes,no,no,yes,yes,yes,yes,yes,yes,yes,yes,yes,yes,yes,yes,yes,no,yes,yes,yes,yes,yes,yes,yes,no,no,yes,yes,"Under the Philippine Development Plan (NEDA), here are some examples: Establishment of climate-resilient agricultural infrastructure, Prioritize construction of flood management structures in highly vulnerable areas, Apply DRR and CCA strategies in the pl",yes,yes,yes,yes,no,yes,yes,yes,yes,,yes,no,no,yes,yes,yes,yes,yes,yes,yes,yes,yes,yes,yes,yes,yes,yes,yes,yes,yes,yes,yes,yes,yes,yes,yes,yes,yes,yes,yes,yes,no,yes,yes,yes,yes,yes,,,1,,,1,,,,,,,,,1,,,,,1,,,,1,,
Poland,POL,4,4,4,3,3,4,5,5,3,2,2,2,3,2,2,3,3,3,2,4,4,4,yes,yes,yes,yes,no,no,yes,yes,not indicated,,,,,,yes,yes,no,,no,,,13,,3,,,not indicated,no,yes,no,no,no,,no,no,,,no,no,yes,no,no,no,,yes,no,yes,yes,yes,yes,yes,yes,yes,yes,yes,yes,yes,yes,yes,yes,yes,yes,no,yes,yes,no,yes,yes,yes,yes,no,yes,yes,yes,no,yes,no,yes,no,yes,yes,no,yes,yes,yes,no,yes,no,no,yes,no,yes,yes,,no,yes,yes,yes,yes,yes,no,no,yes,,yes,yes,no,yes,yes,yes,yes,yes,yes,yes,no,no,no,no,yes,yes,yes,yes,yes,yes,yes,yes,yes,yes,yes,yes,no,yes,yes,yes,yes,no,yes,no,yes,no,no,1,,,,1,,,1,,,,,1,,,,,1,,,,,,,1,
Portugal,PRT,4,4,4,4,4,4,4,4,4,4,4,4,4,4,4,4,4,4,4,4,4,3,yes,yes,yes,yes,no,no,yes,yes,not indicated,,,,,,yes,yes,yes,,yes,1,12,10,5,2,0,8,not indicated,no,no,yes,no,no,Ministry of Internal Affairs,yes,yes,,,no,no,no,no,no,yes,,yes,yes,no,no,yes,yes,yes,yes,yes,yes,yes,yes,yes,yes,no,yes,yes,yes,yes,yes,no,yes,yes,yes,yes,yes,yes,yes,yes,yes,yes,yes,yes,yes,yes,yes,yes,no,yes,yes,yes,yes,yes,yes,yes,no,no,yes,yes,,yes,yes,yes,yes,yes,yes,yes,yes,no,,yes,yes,no,yes,yes,yes,yes,yes,yes,yes,yes,yes,yes,yes,yes,yes,yes,yes,no,yes,yes,yes,yes,yes,yes,yes,yes,yes,yes,no,yes,no,no,no,no,no,no,,,,1,1,,,1,,,,,1,,,,,1,,,,,,,1,
Qatar,QAT,3,4,3,3,4,3,3,3,3,2,3,3,4,3,3,3,3,3,4,3,3,3,yes,yes,yes,yes,no,no,yes,yes,not indicated,???,,???,,??? ?????,yes,yes,no,???,yes,?? ???,? ???,??? ?????,??? ?????,??? ?????,???? ?? ?,??????,not indicated,no,no,yes,no,no,,yes,yes,50,??? ?????,yes,yes,no,yes,yes,yes,?????? ??????? ???????? ?????? ?????? ?????? ???????? ?????? ????????? ?????? ??????? ???? ???????? ??????? ?????? ?????????? ?????? ???????,yes,no,no,no,yes,yes,yes,yes,yes,yes,yes,yes,yes,yes,no,yes,yes,yes,yes,no,no,no,no,yes,yes,no,no,no,yes,yes,yes,yes,yes,yes,yes,yes,yes,no,yes,yes,yes,yes,yes,yes,yes,yes,no,yes,yes,,no,yes,yes,no,yes,yes,yes,yes,yes,,yes,yes,no,yes,yes,yes,yes,no,yes,yes,yes,yes,yes,yes,yes,yes,yes,yes,yes,yes,yes,yes,no,no,yes,yes,no,yes,no,no,no,no,yes,yes,yes,yes,yes,,,,1,1,,,,,,,,1,,,,1,,,,,,,1,,
Romania,ROU,4,3,2,3,4,4,4,4,4,3,3,4,3,2,3,3,3,4,4,4,4,4,yes,yes,yes,yes,no,no,yes,yes,not indicated,"0,0158",N/A,0.003,0.002,N/A,no,no,no,N/A,no,N/A,N/A,N/A,N/A,N/A,N/A,N/A,not indicated,no,no,no,no,no,The Ministry off Internal Affairs,no,no,,,no,no,no,no,no,yes,"Industry, energy, transportation and urban planning",yes,yes,yes,yes,yes,yes,yes,yes,yes,yes,yes,yes,yes,yes,no,no,yes,yes,yes,no,no,no,no,no,yes,yes,yes,yes,yes,yes,yes,yes,yes,no,no,yes,yes,yes,no,yes,yes,yes,yes,no,yes,yes,no,no,no,,yes,yes,yes,no,no,yes,no,yes,no,,no,no,no,yes,yes,yes,yes,yes,yes,yes,no,no,no,yes,yes,yes,yes,yes,no,yes,yes,yes,yes,yes,no,no,yes,yes,yes,no,yes,no,no,yes,no,no,no,1,,,,,,1,,,,,,,,,1,,,,,1,,,,1,
Rwanda,RWA,4,4,4,4,4,3,4,4,3,4,3,4,4,4,4,4,4,4,4,4,3,4,yes,yes,yes,yes,yes,yes,yes,yes,not indicated,30,70,25,75,,no,yes,no,,no,1,1,20,1,1,0,NGO's,not indicated,no,no,no,no,no,"       Note: For Rwanda, DRR is coordinated by a Ministry (Ministry of Disaster Management and            Refugee Affairs /MIDIMAR)",yes,no,,,no,no,no,no,no,yes,"Health, Agriculture, Infrastructure, Transport. Natural resources and environment, The Ministry of Disaster Management in partnership with One UN and EU initiated a project aimed at Conducting  Multi-hazard risk assessmet.",yes,yes,yes,yes,no,no,no,no,no,yes,yes,yes,yes,yes,yes,no,no,yes,no,yes,no,yes,yes,no,no,yes,no,no,yes,yes,yes,yes,yes,yes,yes,yes,yes,yes,yes,yes,yes,yes,yes,yes,yes,yes,yes,no,no,,no,yes,yes,yes,no,yes,yes,yes,yes,,yes,yes,yes,yes,yes,yes,no,no,yes,yes,yes,yes,yes,yes,yes,yes,yes,yes,yes,yes,yes,yes,yes,no,yes,no,no,no,no,no,no,no,yes,yes,yes,yes,yes,,1,,,,,,,,,,1,,1,,,,,1,,,1,,,,
Saint Kitts and Nevis,KNA,4,3,3,4,3,3,4,4,4,2,2,4,4,4,4,4,4,4,3,2,3,4,yes,yes,yes,no,yes,no,yes,yes,not indicated,<0.001%,<0.001%,<0.001%,<0.001%,Uncertain,no,no,no,0.001,yes,3 Entities,1 Finance and 1 Planning,5 Entities,1 multi-entity representative,1Representative (Ministry of Education),None,Public Sector Ministries,not indicated,yes,yes,yes,no,no,None,no,no,,,no,no,no,no,no,no,,no,no,no,no,no,no,no,no,no,no,no,no,no,no,no,no,no,no,no,no,no,no,no,no,no,no,no,no,no,no,no,no,no,no,no,yes,yes,no,yes,yes,no,yes,yes,no,yes,yes,no,yes,yes,"Transportation, Telecommunications, electricity, sea defence, water",yes,yes,yes,yes,yes,yes,no,yes,yes,uncertain,yes,yes,no,yes,yes,yes,yes,yes,no,no,no,no,no,no,no,no,no,no,no,no,no,no,no,no,no,no,no,no,no,no,no,no,no,no,no,no,no,1,,,,,,,,1,,,,,,,1,1,,,,,,1,,,
Senegal,SEN,4,3,2,3,3,3,3,3,3,3,3,3,3,3,3,4,4,3,4,3,3,3,yes,yes,yes,yes,yes,yes,yes,yes,not indicated,,0.2,,,"164,000,000/an",no,yes,no,,yes,"Confédération des ONG du Sénégal, Réseau des parlementaires, Réseau des Journalistes",,,,Réseau des universitaires,Réseau des femmes leaders,,not indicated,no,no,yes,no,no,,yes,no,,,no,no,yes,no,no,no,"Les inondations, la Protection des végétaux (péril acridien) et la santé (épidémies)",yes,no,yes,no,yes,yes,no,no,yes,yes,yes,yes,yes,no,no,yes,yes,yes,no,yes,no,no,yes,yes,no,yes,yes,no,yes,yes,no,no,no,no,yes,yes,yes,no,yes,yes,yes,yes,yes,no,no,yes,yes,yes,yes,,yes,yes,yes,no,no,yes,yes,yes,yes,2,yes,no,yes,yes,no,yes,yes,yes,yes,yes,yes,yes,yes,yes,yes,no,yes,yes,no,yes,yes,yes,yes,yes,no,no,yes,yes,yes,yes,yes,no,yes,yes,yes,no,no,,1,,,,,,,,,,1,,,1,,,,,1,,1,,,,
Serbia,SRB,4,3,3,4,3,2,2,3,3,3,3,2,3,3,3,4,3,3,4,3,3,3,no,no,no,no,yes,no,yes,no,not indicated,,,,,,no,yes,no,,yes,"Red Cross of Serbia, Mountain Rescue Service","Ministry of Finance, Ministry of economy ","RHMS, Seismological survey of Serbia, Serbian radiation protection and nuclear safety agency",Telekom Srbija...,The Jaroslav Cerni Institute for the development of water resources,,RTS (Serbian broadcasting corporation ),not indicated,no,no,no,no,no,National Platform - National Emergency Management Headquarters ,no,no,,,no,no,no,no,no,no,,yes,yes,yes,yes,yes,yes,yes,yes,yes,yes,yes,no,yes,no,no,yes,yes,yes,yes,no,no,no,no,no,yes,yes,no,no,yes,yes,yes,yes,yes,no,no,no,no,no,no,yes,no,no,yes,no,no,yes,yes,no,no,,no,no,no,no,no,no,no,no,no,,yes,yes,no,no,no,no,no,no,yes,no,yes,no,no,no,yes,yes,yes,yes,yes,yes,yes,yes,yes,yes,yes,yes,no,yes,yes,no,no,no,yes,no,yes,yes,yes,1,,,,,,1,,,,,,,,,1,,,,,1,,,,1,
Seychelles,SYC,4,2,4,3,3,4,4,3,4,2,2,3,3,3,3,4,3,3,3,4,4,4,yes,yes,yes,yes,yes,yes,yes,yes,not indicated,2.5%,,,1%,,yes,yes,yes,2.5%,yes,4,3,4,1,1,1,,not indicated,no,no,no,yes,no,,yes,yes,55%,6,yes,yes,yes,yes,yes,yes,"DRDM, Planning Authority, Fire and Rescue Services, All tourism establisments (hotels, guest houses). ",yes,yes,yes,yes,yes,yes,yes,yes,yes,yes,yes,yes,yes,no,no,yes,yes,yes,yes,no,no,no,no,yes,no,no,no,no,no,no,yes,yes,yes,no,yes,yes,yes,no,yes,yes,yes,yes,yes,yes,no,yes,yes,yes,yes,All government assets and staff are insured. ,yes,yes,yes,yes,yes,yes,yes,yes,yes,1%,yes,yes,yes,yes,no,yes,yes,yes,yes,yes,yes,yes,yes,yes,yes,yes,yes,yes,yes,yes,yes,yes,yes,yes,yes,yes,no,yes,yes,no,yes,no,yes,yes,yes,no,yes,1,,,,,,,,,,,1,,,,1,,,,,1,1,,,,
Slovakia,SVK,3,4,4,4,4,4,4,4,4,4,4,4,4,4,4,3,3,3,3,4,2,3,no,yes,yes,yes,no,no,yes,yes,not indicated,"0,4","0,2","1,7","0,5",XY ,yes,yes,yes,"2,5",no,0,6,4,0,0,xy,,not indicated,no,yes,no,no,no,ERCC,yes,yes,70,0,no,yes,yes,yes,yes,yes,"industry, the national economy, environment of the country",yes,yes,yes,yes,yes,yes,yes,yes,yes,yes,yes,yes,yes,yes,yes,yes,yes,yes,yes,yes,no,no,yes,no,yes,yes,yes,no,yes,yes,yes,yes,yes,yes,yes,yes,yes,yes,no,yes,yes,yes,yes,yes,no,yes,no,yes,yes,economic,yes,yes,yes,yes,no,no,no,no,yes,10,yes,yes,no,no,yes,no,no,yes,yes,yes,yes,yes,yes,yes,yes,yes,yes,yes,no,yes,yes,yes,yes,yes,yes,yes,yes,no,no,no,yes,no,yes,yes,yes,no,yes,1,,,,1,,,1,,,,,1,,,,,1,,,,,,,1,
Slovenia,SVN,5,4,5,5,5,5,5,5,5,5,4,5,4,4,3,4,4,5,5,5,4,5,yes,yes,yes,yes,yes,no,yes,yes,not indicated,,,,,,yes,yes,no,"2,1%",yes,1,10,6,1,3,0,1,not indicated,yes,no,no,no,no,media,yes,yes,na,na,yes,yes,yes,yes,yes,yes,Civil Protection,yes,yes,yes,yes,yes,yes,yes,yes,yes,yes,yes,yes,yes,yes,yes,yes,yes,yes,yes,yes,yes,yes,yes,yes,yes,yes,yes,no,yes,yes,yes,yes,yes,yes,yes,yes,yes,yes,yes,yes,yes,yes,yes,no,no,no,no,no,no,,no,yes,yes,yes,yes,yes,yes,yes,no,not available,yes,no,no,yes,yes,yes,yes,no,yes,yes,yes,yes,yes,yes,yes,yes,yes,yes,yes,yes,yes,yes,yes,yes,yes,yes,yes,yes,yes,no,yes,no,yes,yes,yes,yes,yes,,,,1,1,,,1,,,,,1,,,,,1,,,,,,,1,
South Africa,ZAF,4,4,4,4,3,3,3,3,3,3,3,3,4,3,3,3,4,4,3,4,4,4,yes,yes,yes,yes,yes,yes,yes,yes,not indicated,R 800 million,R 534 million,R 63.2 million,R118 million,R 84.8 million,yes,yes,no,,yes,,,,,,,,not indicated,no,no,no,no,no,Ministry of Cooperative Governance and Traditional Affairs ,yes,yes,,,yes,yes,yes,yes,yes,yes,"National Sector departments have sectoral disaster management plans. These include (amongst others): Department of Water Affairs and Sanitation (DWS), Dept of Forestry and Fisheries, Dept of Agriculture, Dept of Social Development. Department of Transport",yes,yes,yes,yes,yes,yes,yes,yes,yes,yes,yes,yes,yes,yes,yes,yes,yes,yes,yes,yes,yes,yes,yes,yes,yes,yes,yes,yes,yes,yes,yes,yes,yes,yes,yes,yes,yes,yes,yes,yes,yes,yes,yes,yes,yes,yes,no,yes,yes,schools and hospitals,yes,yes,yes,yes,yes,yes,yes,yes,yes,40,yes,yes,yes,yes,yes,yes,yes,no,yes,yes,yes,yes,yes,yes,yes,yes,yes,yes,yes,yes,yes,yes,yes,yes,yes,yes,yes,yes,yes,yes,yes,yes,yes,yes,yes,yes,yes,,,1,,,,,,,,,1,,,,1,,,,,1,1,,,,
Spain,ESP,4,4,5,5,4,4,4,4,4,4,4,4,4,4,4,4,4,5,4,4,4,4,yes,yes,yes,yes,yes,yes,yes,yes,not indicated,,,,,,yes,yes,yes,,yes,,,,,,,,not indicated,no,no,yes,yes,no,,no,no,,,no,no,no,no,no,no,,yes,yes,yes,yes,yes,no,yes,yes,yes,yes,yes,yes,yes,yes,yes,yes,yes,yes,yes,yes,yes,yes,yes,yes,yes,yes,yes,no,yes,yes,yes,yes,yes,yes,yes,yes,yes,yes,yes,yes,yes,yes,yes,yes,yes,no,no,yes,yes,,yes,yes,no,no,no,no,no,no,no,,no,no,no,no,no,yes,no,no,yes,yes,yes,yes,yes,yes,yes,yes,yes,yes,no,yes,yes,yes,yes,yes,yes,no,yes,yes,yes,yes,yes,yes,yes,yes,yes,no,no,,,,1,1,,,1,,,,,1,,,,,1,,,,,,,1,
Sri Lanka,LKA,4,4,3,4,3,4,4,4,4,4,3,4,4,4,3,4,3,3,3,3,3,3,yes,yes,yes,yes,yes,yes,yes,yes,not indicated,6,6,1,1,120 Mn,yes,yes,no,,yes,27,4,45,6,5,2,,not indicated,yes,yes,yes,yes,yes,,no,no,40,,yes,no,yes,no,no,no,"Road constrction,Housing Construction, Tourisum",yes,yes,yes,no,yes,yes,yes,yes,no,yes,yes,no,yes,yes,no,yes,yes,yes,yes,yes,yes,yes,yes,yes,yes,yes,yes,yes,yes,yes,yes,yes,yes,yes,yes,yes,yes,yes,yes,yes,yes,yes,yes,no,no,yes,yes,yes,yes,,no,yes,yes,yes,yes,yes,yes,yes,yes,,yes,no,yes,yes,no,yes,yes,no,yes,yes,yes,yes,yes,yes,yes,no,yes,yes,yes,yes,yes,yes,no,no,no,yes,yes,yes,no,no,yes,no,yes,yes,yes,no,yes,,,1,,,,,,,,1,,,,1,,,,,1,,,,1,,
Swaziland,SWZ,3,3,3,4,3,4,3,3,3,4,2,4,3,3,3,4,3,3,3,3,4,3,yes,yes,yes,yes,yes,yes,no,yes,not indicated,20,80,0,0,0,yes,yes,yes,3,yes,5,0,8,0,1,0,,not indicated,no,yes,no,no,no,Deputy Prime Minister's Officei,no,yes,0,0,no,no,yes,no,yes,yes,2,no,no,no,yes,no,no,no,yes,yes,yes,yes,yes,yes,yes,yes,no,no,no,no,yes,yes,yes,no,yes,no,no,no,no,yes,yes,yes,yes,yes,yes,yes,yes,yes,no,yes,yes,yes,yes,no,no,yes,yes,no,no,yes,"Health, Education, Water Sanitation and Hygiene, Agriculture and Food Security, ICT",yes,yes,yes,yes,yes,yes,yes,yes,yes,80%,yes,yes,no,yes,yes,yes,yes,yes,yes,yes,yes,no,yes,no,yes,no,yes,yes,no,yes,no,yes,yes,no,yes,no,no,yes,yes,no,no,no,yes,no,yes,no,yes,,,1,,,,,,,,,1,,,1,,,,,1,,1,,,,
Sweden,SWE,4,4,4,4,4,4,4,4,4,4,4,4,4,4,3,4,3,4,4,4,4,5,yes,yes,yes,yes,yes,no,yes,yes,not indicated,N/A,N/A,N/A,,N/A,yes,yes,no,No estimate has been made.,no,0,0,20,0,0,0,0,not indicated,no,no,yes,no,no,0,yes,yes,N/A,"Schools and hospitals in Sweden are not assessed collectively and, therefore,,there is no percent provided.",no,yes,yes,no,no,yes,not identified,yes,yes,yes,yes,yes,yes,yes,yes,yes,yes,yes,yes,yes,yes,yes,yes,yes,yes,yes,yes,no,no,yes,yes,yes,yes,yes,yes,yes,yes,yes,yes,yes,yes,yes,yes,yes,yes,yes,yes,yes,yes,yes,yes,no,no,no,no,no,N/A,no,yes,yes,no,no,no,yes,no,no,,yes,yes,yes,yes,yes,yes,yes,yes,yes,yes,yes,yes,yes,yes,yes,yes,yes,yes,yes,yes,yes,yes,yes,yes,yes,yes,yes,yes,yes,yes,yes,no,yes,yes,yes,yes,yes,,,,1,1,,,1,,,,,1,,,,,1,,,,,,,1,
Switzerland,CHE,5,5,5,5,4,5,5,5,4,4,5,4,5,5,5,4,4,4,4,5,5,5,yes,yes,yes,yes,no,no,yes,yes,not indicated,100,0,100,0,,yes,yes,yes,0-30%,yes,0,4,7,2,3,0,2,not indicated,no,no,no,yes,no,,yes,yes,,,no,yes,yes,yes,yes,yes,"Transport, Infrastructure, Buildings, Industry",yes,yes,yes,yes,yes,yes,yes,yes,yes,yes,yes,yes,yes,yes,yes,yes,yes,yes,yes,yes,yes,yes,yes,yes,yes,yes,yes,yes,yes,yes,yes,yes,yes,yes,yes,yes,yes,yes,yes,yes,yes,yes,yes,yes,yes,yes,no,yes,yes,,yes,yes,yes,yes,yes,no,yes,yes,yes,,yes,yes,no,yes,yes,yes,yes,no,yes,yes,yes,no,no,yes,yes,yes,yes,yes,no,yes,yes,yes,yes,yes,yes,no,yes,yes,no,yes,yes,yes,yes,yes,yes,yes,yes,,,,1,1,,,1,,,,,1,,,,,1,,,,,,,1,
"Tanzania, United Rep of",TZA,4,2,4,4,4,4,4,4,4,4,3,4,4,3,3,3,3,3,4,4,3,3,yes,yes,yes,yes,yes,yes,yes,yes,not indicated,1,1,0,0,,yes,no,no,0,yes,10,4,20,6,4,1,,not indicated,yes,no,no,no,no,,no,yes,,,no,no,yes,no,no,no,"•	Agriculture for food security forecast  •	Health and Livestock  •	Communication and transport   •	Tanzania Meterological Agency  •	Tanzania Civil Aviation Authority •	Fire and Rescue Force  •	Livestock for drought forecast  •	Education and Vocation Trai",no,no,no,no,yes,no,yes,no,yes,yes,yes,no,no,yes,yes,yes,yes,yes,yes,no,no,no,yes,yes,no,yes,no,no,yes,yes,yes,yes,yes,yes,yes,yes,yes,no,yes,yes,yes,yes,no,no,no,yes,no,no,no,,no,yes,yes,no,no,no,no,no,no,,yes,no,no,no,no,no,no,no,yes,yes,yes,yes,no,no,no,no,no,yes,yes,yes,no,yes,yes,no,no,no,no,yes,yes,no,no,no,yes,no,no,no,yes,,,1,,,,,,,,,1,,1,,,,,1,,,1,,,,
Thailand,THA,4,2,4,4,2,2,4,3,3,3,2,4,3,4,2,3,2,3,4,4,4,2,yes,yes,yes,yes,yes,yes,yes,yes,not indicated,,,,,,yes,yes,yes,1-2,yes,0,1,7,0,5,0,,not indicated,no,no,no,no,no,Ministry of Interior,no,no,,,no,no,no,no,no,no,,no,no,yes,yes,yes,yes,yes,yes,yes,yes,no,yes,yes,yes,yes,yes,no,yes,yes,yes,yes,yes,yes,yes,yes,yes,no,no,yes,yes,yes,yes,yes,yes,yes,yes,yes,no,yes,yes,yes,yes,yes,no,yes,yes,yes,no,no,,yes,yes,yes,yes,yes,yes,yes,yes,no,,yes,no,no,yes,yes,no,yes,yes,yes,yes,yes,yes,yes,yes,yes,yes,no,yes,no,yes,yes,yes,yes,yes,yes,yes,yes,yes,yes,no,yes,no,no,no,no,no,yes,,,1,,,1,,,,,,,,,1,,,,,,1,,,1,,
The former Yugoslav Republic of Macedonia,MKD,4,3,3,4,4,4,3,4,4,3,3,4,4,3,3,4,4,4,3,3,3,3,yes,no,yes,yes,yes,no,no,no,not indicated,,,,,,yes,yes,yes,,yes,,,,,,,,not indicated,no,no,no,no,no,Crisis Management Center,yes,no,,,no,no,no,no,no,no,,yes,yes,no,no,yes,no,no,yes,no,yes,no,yes,no,yes,yes,yes,yes,yes,no,yes,yes,no,no,no,yes,yes,no,no,yes,yes,yes,no,no,no,yes,yes,no,no,yes,yes,yes,yes,yes,no,yes,no,no,no,no,,no,yes,yes,no,no,yes,yes,yes,no,,no,no,no,no,yes,no,yes,no,no,no,yes,no,no,no,no,yes,no,no,no,no,no,no,no,no,no,no,no,yes,yes,no,yes,no,yes,yes,yes,no,no,1,,,,,,1,,,,,,,,,1,,,,,1,,,,1,
Togo,TGO,3,1,1,3,1,1,1,1,1,1,1,1,3,1,1,1,1,1,1,1,2,1,yes,no,yes,yes,yes,yes,no,yes,not indicated,,,,,,no,no,no,,yes,3,2,25,2,2,3,4,not indicated,no,no,no,yes,no,,no,no,,,no,no,no,yes,no,no,9,no,no,no,no,no,no,no,no,no,yes,no,no,no,no,no,no,no,no,no,yes,yes,yes,no,no,no,yes,yes,no,yes,yes,yes,yes,yes,no,no,yes,yes,yes,yes,yes,yes,yes,no,no,yes,yes,yes,yes,yes,"Actions de reboisement dans les zones exposées, contruction et réhabilitation bassins de rétention ainsi que du réseau routier doté de canaux de drainage des eaux de ruissellement, un début d'installation des systèmes d'irrigation",yes,yes,yes,yes,no,no,no,no,yes,,no,no,no,yes,no,yes,no,yes,yes,yes,yes,no,no,no,yes,yes,yes,yes,no,yes,yes,yes,yes,yes,no,no,no,no,no,no,no,no,yes,yes,yes,no,no,,1,,,,,,,,,,1,,1,,,,,1,1,,1,,,,
Tunisia,TUN,2,2,2,3,2,3,3,3,3,2,2,2,3,3,2,3,2,3,3,3,3,2,yes,no,no,yes,no,no,yes,yes,not indicated,N/A,N/A,N/A,N/A,INFORMATION NON DISPONIBLE,no,no,yes,0,yes,oui,oui,oui,oui,oui,oui,Présidence de la république,not indicated,yes,no,yes,yes,no,La commission nationale prévention et d’organisation de secours,no,no,N/A,N/A,no,no,no,no,no,no,"La santé, l’équipement, l’agriculture et le transport (Institut National de la Météorologie)",no,yes,yes,yes,yes,no,no,yes,yes,yes,yes,yes,no,no,yes,yes,no,no,no,no,no,no,yes,no,no,yes,no,no,no,no,no,yes,no,no,no,yes,yes,no,no,yes,yes,yes,yes,no,no,yes,no,yes,yes,"Centrales électriques, infrastructures portuaires et aéroportuaires, réservoirs d’eau potable, tronçons d’autoroute, terres agricoles",no,yes,yes,yes,no,no,yes,yes,no,0%,yes,yes,no,yes,yes,yes,yes,yes,yes,yes,yes,no,no,yes,yes,no,yes,yes,no,yes,yes,yes,yes,yes,yes,yes,yes,yes,yes,no,no,no,no,no,no,no,yes,,,1,,,,,,,1,,,,,1,,,,,,1,1,,,,
Turkey,TUR,4,3,4,4,5,4,4,4,4,4,3,5,4,5,4,4,4,5,5,4,4,5,yes,yes,yes,yes,yes,yes,yes,yes,not indicated,N/A,N/A,N/A,N/A,N/A,yes,yes,yes,N/A,yes,9,2,13,3,7,0,"15 (Local Administrations), 4 (Media)",not indicated,yes,no,no,no,no,,yes,yes,N/A,N/A,no,yes,yes,yes,yes,yes,"Industry Transportation (highway, airport, seaport, etc.) Infrastructure Mining Urbanization",yes,yes,yes,yes,yes,yes,yes,yes,yes,yes,yes,yes,yes,yes,yes,yes,yes,yes,yes,yes,yes,yes,yes,yes,yes,yes,yes,yes,yes,yes,yes,yes,yes,yes,yes,yes,yes,yes,yes,yes,yes,yes,yes,yes,yes,yes,yes,yes,yes,Urban transformation projects,yes,yes,yes,yes,yes,yes,yes,yes,yes,N/A,yes,yes,no,yes,yes,yes,yes,yes,yes,yes,yes,yes,yes,yes,yes,no,yes,yes,yes,yes,yes,yes,yes,yes,yes,yes,yes,yes,yes,yes,yes,no,yes,yes,yes,yes,yes,1,,,,,,1,,,,,,,,,1,,1,,,1,,,,1,
Uganda,UGA,4,2,3,4,3,3,3,3,3,4,2,3,4,3,2,2,3,5,4,4,4,4,yes,yes,yes,yes,yes,yes,yes,no,not indicated,25,75,10,90,Not known,no,yes,no,N/A,yes,11,1,15,5,1,4,"UN, NGOs.(18)",not indicated,yes,yes,no,no,no,,yes,no,N/A,N/A,no,no,yes,yes,no,no,2,yes,yes,no,yes,yes,yes,yes,yes,no,yes,no,yes,yes,yes,yes,no,no,no,yes,yes,yes,yes,yes,yes,no,no,no,no,yes,yes,yes,yes,yes,yes,yes,yes,yes,no,yes,yes,yes,yes,no,no,yes,yes,no,no,no,,no,no,yes,yes,no,no,no,yes,no,N/A,yes,yes,yes,yes,yes,yes,yes,yes,yes,yes,yes,no,no,yes,yes,no,yes,yes,yes,no,yes,yes,yes,yes,no,no,yes,yes,yes,no,no,no,yes,yes,yes,yes,yes,,,1,,,,,,,,,1,,1,,,,,1,,,1,,,,
United Arab Emirates,ARE,5,4,5,4,4,4,3,3,3,4,4,5,5,5,5,5,5,5,4,4,3,4,yes,yes,yes,yes,yes,yes,yes,yes,not indicated,???? ???? ?????? ??????? ??????? ??????? ??????,,??? ??? ??? ?? ???????? ???????? ??????? ?? ??????? ????? ???? ??? ???? ???????,,??? ????? ???????? ?? ???? ???? ??????? ???? ?????? ?????? ??? ???????? ????????,yes,yes,yes,??????? ?????? ???? ??????? ????????,yes,?????? ,??????,??????,??????,??????,??????,??????,not indicated,no,no,no,no,no,???? ??????,yes,yes,??????,?? ????,yes,yes,yes,yes,yes,yes,?? ????????,yes,yes,yes,yes,yes,no,yes,yes,yes,yes,yes,no,no,yes,no,no,yes,yes,yes,yes,no,no,yes,yes,yes,yes,no,yes,yes,yes,yes,yes,yes,yes,yes,yes,yes,yes,yes,yes,yes,yes,yes,yes,yes,yes,yes,yes,yes,???? ???? ?????????? ??????? ???? ?? ?????? ??? ???? ???????? ??????? ?? ??????,yes,yes,yes,yes,yes,yes,yes,yes,yes,??? ??? ??????,yes,yes,yes,yes,yes,yes,yes,no,yes,yes,yes,yes,yes,yes,yes,yes,yes,yes,yes,yes,yes,yes,yes,no,yes,yes,yes,yes,yes,yes,no,no,yes,yes,yes,yes,yes,,,,1,1,,,,,,,,1,,,,1,,,,,,,1,,
United Kingdom,GBR,4,4,5,4,4,4,5,4,4,4,4,4,4,4,4,4,4,4,4,4,4,5,yes,yes,yes,yes,yes,no,yes,yes,not indicated,,,,,,yes,yes,no,,yes,0,2,11,0,1,0,0,not indicated,no,no,yes,no,no,,yes,yes,,,no,yes,yes,yes,yes,yes,"Transport, Energy, Civil Nuclear, Communications, Finance, Water, Food, Emergency Services, Government, Defence, Health",no,no,yes,yes,yes,yes,yes,yes,yes,yes,yes,yes,yes,yes,yes,yes,yes,yes,yes,no,no,no,no,yes,yes,yes,yes,yes,yes,yes,yes,yes,yes,yes,yes,yes,yes,no,yes,yes,yes,yes,yes,no,no,no,no,yes,yes,Please see previous list of sectors,yes,yes,yes,yes,no,no,no,no,yes,,yes,yes,no,yes,yes,yes,yes,no,yes,yes,yes,yes,yes,yes,yes,yes,yes,yes,no,yes,yes,yes,no,yes,yes,no,yes,yes,yes,no,yes,no,yes,yes,no,no,yes,,,,1,1,,,1,,,,,1,,,,,1,,,,,,,1,
Viet Nam,VNM,4,4,4,3,3,3,4,3,3,3,2,3,3,2,4,4,2,2,4,4,4,4,yes,yes,yes,yes,no,yes,yes,yes,not indicated,2.5% of annual budget,,,,,yes,yes,yes,,yes,,,,,,,,not indicated,no,no,no,no,no,Ministry of Agriculture and Rural Development,yes,yes,,,no,no,no,yes,yes,no,,yes,yes,no,yes,yes,yes,no,yes,yes,yes,yes,yes,yes,yes,yes,yes,yes,yes,yes,yes,no,no,yes,no,no,yes,yes,yes,yes,yes,yes,yes,yes,no,no,yes,yes,yes,yes,yes,yes,yes,yes,yes,no,yes,no,no,yes,,no,yes,yes,yes,yes,yes,yes,yes,no,,yes,no,no,yes,no,no,yes,yes,yes,yes,yes,yes,yes,no,no,yes,no,yes,no,yes,yes,yes,yes,yes,yes,yes,yes,yes,yes,no,no,no,yes,yes,yes,yes,yes,,,1,,,1,,,,,,,,,1,,,,,1,,,,1,,
Yemen,YEM,1,2,2,2,1,2,1,2,3,2,1,1,2,1,2,1,3,3,1,1,1,1,no,no,yes,yes,no,no,no,no,not indicated,??????,??????,??????,????? ????? ????? ??????? ?????? ???????,?? ????? ??????? ??? ??? ?????,no,no,no,?????? ??? ??? ??????,no,,,,,,,,not indicated,no,no,no,yes,no,,no,no,,,no,no,no,no,no,no,,no,yes,no,no,no,no,no,no,no,yes,no,no,no,no,no,no,no,no,no,yes,no,no,yes,no,no,no,no,no,no,no,no,no,no,no,no,yes,yes,no,no,yes,yes,no,no,no,no,yes,no,yes,no,,no,no,yes,yes,no,no,no,no,yes,,no,no,no,yes,yes,no,no,no,no,no,no,no,no,no,no,no,no,no,no,no,no,no,no,no,no,no,no,no,no,no,no,no,no,no,no,no,no,,,1,,,,,,,1,,,,,1,,,,,1,,,,1,,
Zimbabwe,ZWE,4,3,4,4,4,4,4,4,4,5,4,4,4,4,4,4,3,4,4,4,4,4,yes,yes,yes,yes,yes,no,yes,yes,not indicated,,,,,,yes,yes,yes,"0,005%",yes,20,5,40,10,4,3,,not indicated,no,no,yes,no,no,,yes,yes,,,no,yes,no,yes,no,yes,25,yes,yes,yes,yes,yes,yes,yes,yes,yes,yes,yes,no,yes,yes,yes,yes,yes,yes,yes,yes,yes,yes,yes,yes,yes,yes,yes,yes,yes,yes,yes,yes,yes,yes,yes,yes,yes,yes,yes,yes,yes,yes,yes,no,no,yes,yes,yes,yes,,yes,yes,yes,yes,yes,yes,yes,yes,no,Sector Based,yes,yes,yes,yes,yes,yes,yes,no,yes,yes,yes,yes,yes,yes,yes,yes,yes,yes,yes,yes,yes,yes,no,no,yes,yes,no,yes,yes,yes,yes,yes,yes,yes,yes,yes,yes,,,,,,,,,,,,1,,1,,,,,1,,,1,,,,
